-- phpMyAdmin SQL Dump
-- version 3.3.9
-- http://www.phpmyadmin.net
--
-- Host: localhost
-- Generation Time: Aug 22, 2013 at 02:40 PM
-- Server version: 5.5.8
-- PHP Version: 5.3.5

SET SQL_MODE="NO_AUTO_VALUE_ON_ZERO";


/*!40101 SET @OLD_CHARACTER_SET_CLIENT=@@CHARACTER_SET_CLIENT */;
/*!40101 SET @OLD_CHARACTER_SET_RESULTS=@@CHARACTER_SET_RESULTS */;
/*!40101 SET @OLD_COLLATION_CONNECTION=@@COLLATION_CONNECTION */;
/*!40101 SET NAMES utf8 */;

--
-- Database: `blackjack_db`
--

-- --------------------------------------------------------

--
-- Table structure for table `t_menu`
--

CREATE TABLE IF NOT EXISTS `t_menu` (
  `id` int(11) NOT NULL AUTO_INCREMENT,
  `nama` varchar(64) NOT NULL,
  `harga` int(11) NOT NULL,
  `harga_min` int(11) NOT NULL,
  `harga_setor` int(11) NOT NULL,
  `nama_setor` varchar(32) NOT NULL,
  `default_discounted` tinyint(1) NOT NULL,
  PRIMARY KEY (`id`)
) ENGINE=InnoDB  DEFAULT CHARSET=latin1 AUTO_INCREMENT=149 ;

--
-- Dumping data for table `t_menu`
--

INSERT INTO `t_menu` (`id`, `nama`, `harga`, `harga_min`, `harga_setor`, `nama_setor`, `default_discounted`) VALUES
(1, 'Espresso', 10000, 3000, 0, '', 1),
(2, 'Doppio', 16000, 6000, 0, '', 1),
(3, 'Americano', 18000, 7000, 0, '', 1),
(4, 'Classic Black', 14000, 7000, 0, '', 1),
(5, 'Latte Macchiato', 20000, 8000, 0, '', 1),
(6, 'Cappuccino', 22000, 9000, 0, '', 1),
(7, 'Mochaccino', 25000, 11000, 0, '', 1),
(8, 'Caffe Latte', 20000, 8000, 0, '', 1),
(9, 'Vanilla Latte', 22000, 9000, 0, '', 1),
(10, 'Mocha Latte', 24000, 10000, 0, '', 1),
(11, 'Hazelnut Latte', 24000, 10000, 0, '', 1),
(12, 'Caramel Latte', 24000, 10000, 0, '', 1),
(13, 'Caramel Nut Latte', 25000, 10000, 0, '', 1),
(14, 'Choco Vanilla Latte', 25000, 11000, 0, '', 1),
(15, 'Choco Hazelnut Latte', 27000, 12000, 0, '', 1),
(16, 'Choco Caramel Latte', 27000, 12000, 0, '', 1),
(17, 'Iced Americano', 18000, 7000, 0, '', 1),
(18, 'Iced Latte Macchiato', 21000, 10000, 0, '', 1),
(19, 'Iced Cappuccino', 24000, 11000, 0, '', 1),
(20, 'Iced Mochaccino', 28000, 13000, 0, '', 1),
(21, 'Iced Caffe Latte', 24000, 11000, 0, '', 1),
(22, 'Iced Vanilla Latte', 26000, 12000, 0, '', 1),
(23, 'Iced Mocha Latte', 27000, 13000, 0, '', 1),
(24, 'Iced Hazelnut Latte', 27000, 13000, 0, '', 1),
(25, 'Iced Caramel Latte', 27000, 13000, 0, '', 1),
(26, 'Iced Caramel Nut Latte', 28000, 13000, 0, '', 1),
(27, 'Iced Choco Vanilla Latte', 30000, 14000, 0, '', 1),
(28, 'Iced Choco Hazelnut Latte', 30000, 15000, 0, '', 1),
(29, 'Iced Choco Caramel Latte', 30000, 15000, 0, '', 1),
(30, 'Creamy Mocha Latte', 34000, 17000, 0, '', 1),
(31, 'Creamy Choco Vanilla Latte', 36000, 18000, 0, '', 1),
(32, 'Creamy Choco Hazelnut Latte', 37000, 19000, 0, '', 1),
(33, 'Creamy Choco Caramel Latte', 37000, 19000, 0, '', 1),
(34, 'Blacks Passion', 20000, 7000, 0, '', 1),
(35, 'Jacks Favorite', 38000, 19000, 0, '', 1),
(36, 'Coffee Ice Cream', 20000, 6000, 0, '', 1),
(37, 'Coffee Ice Cream Vanilla', 24000, 7000, 0, '', 1),
(38, 'Coffee Ice Cream Caramel', 24000, 10000, 0, '', 1),
(39, 'Coffee Ice Cream Hazelnut', 24000, 8000, 0, '', 1),
(40, 'Coffee Ice Cream Chocolate', 24000, 8000, 0, '', 1),
(41, 'Hot Chocolate', 22000, 10000, 0, '', 1),
(42, 'Hot Milk', 18000, 8000, 0, '', 1),
(43, 'Iced Chocolate', 25000, 12000, 0, '', 1),
(44, 'Iced Milk', 21000, 10000, 0, '', 1),
(45, 'Suspenso', 3000, 3000, 0, '', 1),
(65, '(+) (C) Blacks', 0, 0, 0, '', 0),
(66, '(+) (C) Jacks', 0, 0, 0, '', 0),
(67, '(+) (C) Toraja Arabica', 3000, 2000, 0, '', 0),
(68, '(+) (C) Curup Robusta', 0, 0, 0, '', 0),
(69, '(+) (C) Strong', 3000, 2000, 0, '', 0),
(70, '(+) (C) Balance', 3000, 2000, 0, '', 0),
(71, '(+) (C) Soft', 3000, 2000, 0, '', 0),
(72, '(+) (C) Romanian King', 4000, 2000, 0, '', 0),
(73, '(+) (C) Vienna Queen', 4000, 2000, 0, '', 0),
(79, '(+) (L) [+1] Lv. 2 - Doppio', 6000, 3000, 0, '', 0),
(80, '(+) (L) [+2] Lv. 3 - Triple', 12000, 6000, 0, '', 0),
(81, '(+) (L) [+4] Lv. 4 - Extreme', 24000, 12000, 0, '', 0),
(82, '(+) (L) [+5] Lv. 5 - Hardcore', 30000, 15000, 0, '', 0),
(83, '(+) (L) [+7] Lv. 6 - BlackJacks Heartbeat', 42000, 21000, 0, '', 0),
(84, '(+) (L) [+1] Lv. 3 - Triple', 6000, 3000, 0, '', 0),
(85, '(+) (L) [+3] Lv. 4 - Extreme', 18000, 9000, 0, '', 0),
(86, '(+) (L) [+4] Lv. 5 - Hardcore', 24000, 12000, 0, '', 0),
(87, '(+) (L) [+6] Lv. 6 - BlackJacks Heartbeat', 36000, 18000, 0, '', 0),
(88, 'Vanilla Americano', 19000, 8000, 0, '', 1),
(89, 'Hazelnut Americano', 20000, 9000, 0, '', 1),
(90, 'Caramel Americano', 20000, 9000, 0, '', 1),
(91, 'Caramel Nut Americano', 21000, 9000, 0, '', 1),
(92, 'Iced Vanilla Americano', 19000, 8000, 0, '', 1),
(93, 'Iced Hazelnut Americano', 20000, 9000, 0, '', 1),
(94, 'Iced Caramel Americano', 20000, 9000, 0, '', 1),
(95, 'Iced Caramel Nut Americano', 21000, 9000, 0, '', 1),
(96, '[T] Roti Lembut', 5000, 4500, 4000, 'Mamah', 0),
(98, '[T] Puding Coklat', 15000, 13000, 10000, 'Mamah', 0),
(102, '[T] Mineral Water 240 ml', 1000, 800, 500, 'Mamah', 0),
(103, '[T] Mineral Water 600 ml', 2500, 2000, 1500, 'Mamah', 0),
(104, '[T] Mineral Water 330 ml', 2000, 1600, 1200, 'Mamah', 0),
(105, '[T] Oxy', 7000, 6500, 5000, 'Mamah', 0),
(106, '[T] Teh Pucuk', 2500, 2300, 2000, 'Mamah', 0),
(107, '[T] Teh Bintang Sobo Jumbo', 1000, 1000, 900, 'Mamah', 0),
(108, '[T] Pulpy Orange', 6000, 5800, 5500, 'Mamah', 0),
(109, '[T] Mizone', 3500, 3300, 3000, 'Mamah', 0),
(110, '[T] Nu Green Tea', 5000, 4700, 4200, 'Mamah', 0),
(111, '[T] Kolak', 5000, 4500, 4000, 'Mamah', 0),
(112, '[Promo] Iced Vanilla Latte (5 x 3 oz)', 15000, 15000, 15000, 'BlackJack', 0),
(113, '[Eco] Coffee Ice Cream Vanilla', 6000, 4000, 0, '', 0),
(114, '[Eco] Coffee Ice Cream Caramel', 7000, 5000, 0, '', 0),
(115, '[Eco] Black Coffee', 5000, 4000, 0, '', 0),
(116, '[Eco] Ginger Black Coffee', 7000, 6000, 0, '', 0),
(117, '[Eco] Curcuma Black Coffee', 7000, 6000, 0, '', 0),
(118, '[Eco] Coffee Milk', 8000, 7000, 0, '', 0),
(119, '[Eco] Ginger Coffee Milk', 9000, 8000, 0, '', 0),
(120, '[Eco] Curcuma Coffee Milk', 9000, 8000, 0, '', 0),
(121, '[Eco] Iced Black Coffee', 6000, 5000, 0, '', 0),
(122, '[Eco] Iced Ginger Black Coffee', 8000, 7000, 0, '', 0),
(123, '[Eco] Iced Curcuma Black Coffee', 8000, 7000, 0, '', 0),
(124, '[Eco] Iced Coffee Milk', 9000, 8000, 0, '', 0),
(125, '[Eco] Iced Ginger Coffee Milk', 10000, 9000, 0, '', 0),
(126, '[Eco] Iced Curcuma Coffee Milk', 10000, 9000, 0, '', 0),
(127, '[Eco] Coffee Ice Cream', 5000, 3000, 0, '', 0),
(128, '[Eco] Coffee Ice Cream Hazelnut', 7000, 5000, 0, '', 0),
(129, '[Eco] Coffee Ice Cream Chocolate', 7000, 5000, 0, '', 0),
(130, '[Eco] Hot Milk', 7000, 6000, 0, '', 0),
(131, '[Eco] Hot Ginger', 6000, 5000, 0, '', 0),
(132, '[Eco] Hot Ginger Milk', 8000, 7000, 0, '', 0),
(133, '[Eco] Iced Milk', 7000, 6000, 0, '', 0),
(134, '[Eco] Iced Ginger', 6000, 5000, 0, '', 0),
(135, '[Eco] Iced Ginger Milk', 8000, 7000, 0, '', 0),
(136, '[Eco] Ice Cream', 3000, 2000, 0, '', 0),
(137, '[Eco] Lemon Tea', 5000, 2000, 0, '', 0),
(138, '[T] Okky Jelly Drink', 1000, 1000, 900, 'Mamah', 0),
(139, '[T] Coca Cola', 4000, 3800, 3500, 'Mamah', 0),
(140, '[T] Fanta', 4000, 3800, 3500, 'Mamah', 0),
(141, '[T] Sprite', 4000, 3800, 3500, 'Mamah', 0),
(142, '[T] Lemon Water', 7000, 6000, 5000, 'Mamah', 0),
(143, '[T] Orange Water', 7000, 6000, 5000, 'Mamah', 0),
(144, '[T] Teh Botol', 5500, 5000, 4000, 'Mamah', 0),
(145, '[T] Mount Tea', 1000, 1000, 900, 'Mamah', 0),
(146, '[T] Teh Eco', 1000, 1000, 900, 'Mamah', 0),
(147, '[T] Big Cola', 3000, 2800, 2500, 'Mamah', 0),
(148, '[T] Fatigon Hydro Coco', 4000, 4000, 4000, 'Mamah', 0);

-- --------------------------------------------------------

--
-- Table structure for table `t_order`
--

CREATE TABLE IF NOT EXISTS `t_order` (
  `id` int(11) NOT NULL AUTO_INCREMENT,
  `no_pembeli` int(11) NOT NULL,
  `waktu` timestamp NOT NULL DEFAULT CURRENT_TIMESTAMP,
  `nama_pembeli` varchar(32) NOT NULL,
  `keterangan` varchar(64) NOT NULL,
  `default_discount` int(11) NOT NULL DEFAULT '0',
  `paid` tinyint(1) NOT NULL,
  `session_no` int(11) NOT NULL,
  PRIMARY KEY (`id`)
) ENGINE=InnoDB  DEFAULT CHARSET=latin1 AUTO_INCREMENT=507 ;

--
-- Dumping data for table `t_order`
--

INSERT INTO `t_order` (`id`, `no_pembeli`, `waktu`, `nama_pembeli`, `keterangan`, `default_discount`, `paid`, `session_no`) VALUES
(1, 1, '2013-06-21 12:22:36', 'Kenji', 'minta sedotannya 2', 40, 1, 0),
(2, 2, '2013-06-21 12:22:36', 'Tiji', 'minta tisu bbrp', 20, 1, 0),
(3, 3, '2013-06-21 12:22:57', 'Vanji', '', 20, 1, 0),
(4, 4, '2013-06-21 18:31:45', 'Jessi', '', 20, 1, 0),
(5, 5, '2013-06-21 18:31:45', 'Alice', '', 40, 1, 0),
(10, 6, '2013-06-24 18:05:02', 'Papah', 'minta gula 2 sachet', 60, 1, 0),
(12, 8, '2013-06-24 22:43:18', 'Mamah', 'minta gula 2 sachet', 40, 1, 0),
(13, 10, '2013-06-26 20:36:42', 'Vanji', '', 0, 0, 0),
(14, 11, '2013-06-26 20:38:03', 'Tiji', 'minta brown sugar', 0, 0, 0),
(16, 12, '2013-07-02 16:37:13', 'Sam Ih', '-', 50, 1, 0),
(18, 1, '2013-07-02 16:58:00', 'Koji', 'minta tisyu', 40, 1, 1),
(19, 2, '2013-07-04 15:08:04', 'Koji', '', 40, 1, 1),
(20, 3, '2013-07-04 15:13:19', 'Mamah', 'es krim kelapa aja', 40, 1, 1),
(22, 4, '2013-07-04 15:14:00', 'Papah', '', 40, 1, 1),
(23, 6, '2013-07-04 15:14:36', 'Kenji', '', 20, 1, 1),
(24, 7, '2013-07-04 15:15:22', 'Vanji', '', 40, 1, 1),
(25, 8, '2013-07-04 20:12:08', 'Kenji', '', 40, 1, 1),
(26, 9, '2013-07-10 14:59:12', 'Alice', '', 40, 1, 1),
(27, 10, '2013-07-10 15:07:04', 'Levanji', 'ga suka yg manis2', 40, 1, 1),
(28, 11, '2013-07-10 20:13:46', 'Papah', '', 40, 1, 1),
(30, 2, '2013-07-17 17:09:15', '-', 'ngan roti doang', 0, 1, 2),
(32, 4, '2013-07-17 17:47:57', 'Osu', '', 50, 1, 2),
(33, 5, '2013-07-17 17:58:39', 'Osu', '', 0, 1, 2),
(34, 6, '2013-07-17 18:01:37', 'Daniel', '', 50, 1, 2),
(35, 7, '2013-07-17 18:04:00', 'CynSil', '', 50, 1, 2),
(38, 10, '2013-07-17 19:18:47', '', '', 30, 1, 2),
(39, 11, '2013-07-17 19:31:04', '', '', 30, 1, 2),
(40, 12, '2013-07-17 19:32:44', '', '', 50, 1, 2),
(41, 13, '2013-07-17 19:50:00', 'Mega', '', 40, 1, 2),
(42, 14, '2013-07-17 19:54:36', 'Akoh', '', 50, 1, 2),
(43, 15, '2013-07-17 19:57:50', 'Akoh', '', 50, 1, 2),
(44, 16, '2013-07-17 20:03:11', 'Akoh', '', 0, 1, 2),
(46, 2, '2013-07-18 16:26:24', 'An2', '', 50, 1, 3),
(47, 3, '2013-07-18 16:27:17', 'Jian', '', 50, 1, 3),
(48, 4, '2013-07-18 16:29:30', 'Thio', '', 50, 1, 3),
(49, 5, '2013-07-18 16:29:54', 'Henry', '', 50, 1, 3),
(50, 6, '2013-07-18 16:30:59', 'Jian', '', 0, 1, 3),
(51, 7, '2013-07-18 16:34:48', 'Yung2', '', 50, 1, 3),
(52, 8, '2013-07-18 16:45:17', 'Joshua', '', 50, 1, 3),
(53, 9, '2013-07-18 16:46:33', 'Grady', '', 50, 1, 3),
(54, 10, '2013-07-18 16:48:39', 'Yung2', '', 50, 1, 3),
(55, 11, '2013-07-18 17:00:36', 'Grady', '', 0, 1, 3),
(56, 12, '2013-07-18 17:07:09', 'Jian', '', 50, 1, 3),
(57, 13, '2013-07-18 17:51:03', '', '', 0, 1, 3),
(58, 14, '2013-07-18 18:11:44', 'Mita', '', 0, 1, 3),
(59, 15, '2013-07-18 18:39:13', '', '', 30, 1, 3),
(60, 16, '2013-07-18 19:45:29', '', '', 30, 1, 3),
(61, 17, '2013-07-18 19:55:18', '', '', 0, 1, 3),
(62, 18, '2013-07-18 20:04:40', '', '', 30, 1, 3),
(63, 19, '2013-07-18 20:04:40', '', '', 0, 1, 3),
(64, 1, '2013-07-19 15:51:29', '', 'sebelum buka', 0, 1, 4),
(66, 3, '2013-07-19 16:23:06', '-', '', 0, 1, 4),
(67, 4, '2013-07-19 16:26:07', '', '', 0, 1, 4),
(68, 5, '2013-07-19 16:31:15', '', '', 0, 1, 4),
(69, 6, '2013-07-19 17:44:49', '', '', 0, 1, 4),
(70, 7, '2013-07-19 17:57:09', 'Novi', '', 0, 1, 4),
(71, 8, '2013-07-19 18:00:54', 'Mega', '', 0, 1, 4),
(72, 9, '2013-07-19 18:16:02', 'Elis', '', 0, 1, 4),
(73, 10, '2013-07-19 19:22:16', 'Mega', '', 0, 1, 4),
(74, 11, '2013-07-19 20:47:09', 'Mita', '', 50, 1, 4),
(75, 12, '2013-07-19 20:51:41', '', '', 0, 1, 4),
(76, 13, '2013-07-19 20:57:00', '', '', 30, 1, 4),
(78, 15, '2013-07-19 21:43:00', '', '', 30, 1, 4),
(79, 1, '2013-07-20 16:41:47', '', '', 0, 1, 5),
(80, 2, '2013-07-20 17:07:19', '', '', 0, 1, 5),
(81, 3, '2013-07-20 17:47:45', '', '', 0, 1, 5),
(82, 4, '2013-07-20 17:55:52', '', '', 0, 1, 5),
(83, 5, '2013-07-20 17:57:59', '', '', 0, 1, 5),
(84, 6, '2013-07-20 17:58:51', '', '', 0, 1, 5),
(85, 7, '2013-07-20 18:02:29', '', '', 0, 1, 5),
(86, 8, '2013-07-20 18:05:01', '', '', 0, 1, 5),
(87, 9, '2013-07-20 18:19:29', 'Ronald', '', 50, 1, 5),
(88, 10, '2013-07-20 18:27:51', '', '', 30, 1, 5),
(89, 11, '2013-07-20 18:47:13', '', '', 0, 1, 5),
(90, 12, '2013-07-20 19:30:03', 'Ocoy', '', 0, 1, 5),
(91, 13, '2013-07-20 19:45:56', '', '', 0, 1, 5),
(92, 14, '2013-07-20 20:30:31', 'Roni', '', 50, 1, 5),
(93, 15, '2013-07-20 21:34:41', 'Vanji', '', 0, 1, 5),
(95, 17, '2013-07-20 17:13:39', 'Promo', '', 0, 1, 5),
(96, 1, '2013-07-21 16:50:34', 'Mega', 'sebelum buka', 0, 1, 6),
(97, 2, '2013-07-21 16:59:43', '', '', 0, 1, 6),
(98, 3, '2013-07-21 17:15:22', '', '', 0, 1, 6),
(99, 4, '2013-07-21 17:19:22', '', '', 0, 1, 6),
(100, 5, '2013-07-21 17:55:57', 'Tita', '', 0, 1, 6),
(101, 6, '2013-07-21 17:57:10', 'Mega', '', 0, 1, 6),
(102, 7, '2013-07-21 18:59:54', 'Santi', '', 0, 1, 6),
(103, 8, '2013-07-21 19:45:03', '-', '', 0, 1, 6),
(105, 10, '2013-07-21 20:01:50', 'Jikoh', '', 30, 1, 6),
(107, 12, '2013-07-21 20:13:56', 'Ko David', '', 30, 1, 6),
(108, 13, '2013-07-21 20:16:31', '', '', 0, 1, 6),
(110, 15, '2013-07-21 20:34:19', '', '', 0, 1, 6),
(111, 16, '2013-07-21 21:04:05', '', '', 0, 1, 6),
(113, 18, '2013-07-21 22:00:05', 'Sakoh', '', 0, 1, 6),
(114, 1, '2013-07-22 17:38:47', 'Mega', '', 0, 1, 7),
(115, 2, '2013-07-22 17:51:31', 'Santi', '', 0, 1, 7),
(116, 3, '2013-07-22 17:56:17', 'Mita', '', 0, 1, 7),
(117, 4, '2013-07-22 17:58:17', 'Novi', '', 0, 1, 7),
(118, 5, '2013-07-22 18:50:59', '', '', 0, 1, 7),
(119, 6, '2013-07-22 19:15:48', 'Mita', '', 0, 1, 7),
(120, 7, '2013-07-22 20:16:10', 'Obey', '', 50, 1, 7),
(121, 8, '2013-07-22 20:20:54', 'Mega', '', 0, 1, 7),
(122, 9, '2013-07-22 20:32:37', 'Vanji', '', 0, 0, 7),
(123, 10, '2013-07-22 20:47:53', 'Kenji', '', 0, 0, 7),
(124, 11, '2013-07-22 20:48:28', 'Pa Ade', '', 0, 1, 7),
(125, 12, '2013-07-22 21:33:49', '', '', 30, 1, 7),
(126, 1, '2013-07-23 16:37:49', '', '', 0, 1, 8),
(128, 3, '2013-07-23 17:45:27', '', '', 0, 1, 8),
(129, 4, '2013-07-23 17:59:53', 'Powell', '', 50, 1, 8),
(130, 5, '2013-07-23 18:02:18', '', '', 0, 1, 8),
(131, 6, '2013-07-23 18:02:36', '', '', 0, 1, 8),
(132, 7, '2013-07-23 18:17:48', 'Mega', '', 0, 1, 8),
(133, 8, '2013-07-23 18:19:31', '', '', 0, 1, 8),
(134, 9, '2013-07-23 18:30:55', 'Wiltom', '', 50, 1, 8),
(136, 11, '2013-07-23 18:54:51', 'Novi', '', 0, 1, 8),
(137, 12, '2013-07-23 19:20:11', '', '', 0, 1, 8),
(138, 13, '2013-07-23 20:54:23', 'Mita', '', 0, 1, 8),
(139, 14, '2013-07-23 21:04:08', '', '', 0, 1, 8),
(140, 15, '2013-07-23 22:23:04', 'Vanji', '', 0, 0, 8),
(141, 16, '2013-07-23 22:23:49', 'Pa Ade, Pa Ujang, Ocoy', '', 0, 0, 8),
(142, 17, '2013-07-23 22:25:14', 'Papah', '', 0, 0, 8),
(143, 1, '2013-07-24 17:01:51', '', '', 0, 1, 9),
(144, 2, '2013-07-24 17:05:44', '', 'sebelum buka', 0, 1, 9),
(145, 3, '2013-07-24 17:21:06', '', '', 30, 1, 9),
(146, 4, '2013-07-24 17:57:22', 'Santi', '', 0, 1, 9),
(147, 5, '2013-07-24 17:57:54', 'Mita', '', 0, 1, 9),
(148, 6, '2013-07-24 17:59:06', 'Ocoy', '', 0, 1, 9),
(151, 9, '2013-07-24 18:13:35', 'Vanji', '', 0, 0, 9),
(152, 10, '2013-07-24 18:13:52', 'Kenji', '', 0, 0, 9),
(153, 11, '2013-07-24 18:32:18', 'Indra', '', 50, 1, 9),
(154, 12, '2013-07-24 18:48:13', 'Mita', '', 0, 1, 9),
(155, 13, '2013-07-24 18:55:58', '', '', 0, 1, 9),
(156, 14, '2013-07-24 19:46:35', '', '', 0, 1, 9),
(157, 15, '2013-07-24 21:34:30', 'Papah', '', 50, 1, 9),
(158, 16, '2013-07-24 21:35:46', 'Papah', '', 0, 0, 9),
(159, 17, '2013-07-24 21:47:40', 'Koji', '', 0, 0, 9),
(160, 1, '2013-07-25 17:00:12', 'Mita', 'sebelum buka', 0, 1, 10),
(161, 2, '2013-07-25 17:56:26', '', '', 0, 1, 10),
(162, 3, '2013-07-25 17:57:01', '', '', 0, 1, 10),
(163, 4, '2013-07-25 18:27:22', 'Ray Wu', '', 50, 1, 10),
(164, 5, '2013-07-25 18:41:20', 'Gina', '', 0, 1, 10),
(165, 6, '2013-07-25 19:13:40', 'Elis', '', 0, 1, 10),
(166, 7, '2013-07-25 19:33:07', '', '', 0, 1, 10),
(167, 8, '2013-07-25 19:40:21', '', '', 0, 1, 10),
(168, 9, '2013-07-25 19:52:40', '', '', 0, 1, 10),
(169, 10, '2013-07-25 19:57:44', 'Gina', '', 0, 1, 10),
(170, 11, '2013-07-25 19:58:52', '', '', 0, 1, 10),
(171, 12, '2013-07-25 20:07:06', 'Santi', '', 0, 1, 10),
(172, 13, '2013-07-25 20:13:23', '', '', 0, 1, 10),
(173, 1, '2013-07-26 17:50:33', 'Jessi', '', 0, 1, 11),
(174, 2, '2013-07-26 17:54:34', 'Novi', '', 0, 1, 11),
(175, 3, '2013-07-26 17:56:00', '', '', 0, 1, 11),
(176, 4, '2013-07-26 18:02:30', '', '', 0, 1, 11),
(177, 5, '2013-07-26 18:27:40', 'Roni', '', 0, 1, 11),
(178, 6, '2013-07-26 18:30:38', '', '', 0, 1, 11),
(179, 7, '2013-07-26 18:33:47', '', '', 30, 1, 11),
(180, 8, '2013-07-26 18:40:54', '', '', 0, 1, 11),
(181, 9, '2013-07-26 18:45:26', '', '', 0, 1, 11),
(182, 10, '2013-07-26 18:49:34', '', '', 0, 1, 11),
(183, 11, '2013-07-26 19:07:06', 'Mega', '', 0, 1, 11),
(184, 12, '2013-07-26 19:34:07', '', '', 0, 1, 11),
(185, 13, '2013-07-26 20:13:45', 'Santi', '', 0, 1, 11),
(186, 14, '2013-07-26 20:14:24', 'Mega', '', 0, 1, 11),
(188, 16, '2013-07-26 20:38:21', '', '', 0, 1, 11),
(189, 17, '2013-07-26 20:44:24', '', '', 0, 1, 11),
(190, 18, '2013-07-26 20:45:02', '', '', 0, 1, 11),
(192, 20, '2013-07-26 20:56:14', '', '', 0, 1, 11),
(193, 21, '2013-07-26 21:13:27', '', '', 30, 1, 11),
(194, 22, '2013-07-26 21:55:54', '', '', 0, 1, 11),
(195, 23, '2013-07-26 22:02:59', 'Koji', '', 0, 0, 11),
(196, 1, '2013-07-27 17:58:05', '', '', 0, 1, 12),
(197, 2, '2013-07-27 17:58:51', '', '', 0, 1, 12),
(198, 3, '2013-07-27 17:59:15', '', '', 0, 1, 12),
(199, 4, '2013-07-27 18:11:56', '', '', 40, 1, 12),
(200, 5, '2013-07-27 18:40:51', 'Papah', '', 0, 0, 12),
(203, 8, '2013-07-27 19:01:29', '', '', 0, 1, 12),
(204, 9, '2013-07-27 19:13:50', '', '', 0, 1, 12),
(205, 10, '2013-07-27 19:23:00', '', '', 0, 1, 12),
(206, 11, '2013-07-27 19:33:09', 'Albert', '', 50, 1, 12),
(207, 12, '2013-07-27 19:34:02', 'Radit', '', 50, 1, 12),
(208, 13, '2013-07-27 19:52:31', '', '', 0, 1, 12),
(209, 14, '2013-07-27 20:16:18', '', '', 0, 1, 12),
(210, 15, '2013-07-27 20:17:12', '', '', 0, 1, 12),
(211, 16, '2013-07-27 20:21:04', '', '', 0, 1, 12),
(212, 17, '2013-07-27 20:47:14', 'Mita', '', 0, 1, 12),
(213, 18, '2013-07-27 20:48:01', '', '', 0, 1, 12),
(214, 19, '2013-07-27 21:08:38', '', '', 0, 1, 12),
(215, 20, '2013-07-27 21:33:54', '', '', 0, 1, 12),
(216, 1, '2013-07-28 17:15:27', '', '', 0, 1, 13),
(218, 3, '2013-07-28 17:46:57', '', '', 0, 1, 13),
(219, 4, '2013-07-28 17:55:32', '', '', 0, 1, 13),
(220, 5, '2013-07-28 17:56:47', '', '', 0, 1, 13),
(221, 6, '2013-07-28 18:06:45', '', '', 0, 1, 13),
(222, 7, '2013-07-28 18:56:21', 'Novy', '', 0, 1, 13),
(223, 8, '2013-07-28 19:05:23', 'Mita', '', 0, 1, 13),
(224, 9, '2013-07-28 19:15:07', 'Gina', '', 0, 1, 13),
(225, 10, '2013-07-28 19:21:03', '', '', 0, 1, 13),
(226, 11, '2013-07-28 19:27:40', '', '', 0, 1, 13),
(227, 12, '2013-07-28 19:35:05', '', '', 0, 1, 13),
(228, 13, '2013-07-28 19:37:44', '', '', 0, 1, 13),
(229, 14, '2013-07-28 20:01:47', '', '', 0, 1, 13),
(230, 15, '2013-07-28 20:30:57', '', '', 35, 1, 13),
(231, 1, '2013-07-29 16:36:04', '', 'sebelum buka', 0, 1, 14),
(233, 3, '2013-07-29 16:37:51', '', '', 0, 1, 14),
(234, 4, '2013-07-29 16:44:46', 'Cuya', '', 50, 1, 14),
(235, 5, '2013-07-29 16:48:02', 'Cindel', '', 50, 1, 14),
(236, 6, '2013-07-29 16:52:15', 'Daniel', '', 50, 1, 14),
(237, 7, '2013-07-29 17:35:42', '', '', 0, 1, 14),
(238, 8, '2013-07-29 17:49:25', '', '', 0, 1, 14),
(239, 9, '2013-07-29 17:50:06', '', '', 0, 1, 14),
(240, 10, '2013-07-29 17:54:04', '', '', 0, 1, 14),
(242, 11, '2013-07-29 18:03:21', 'Papah', '', 0, 0, 14),
(243, 13, '2013-07-29 18:11:20', 'Wiltom', '', 50, 1, 14),
(244, 14, '2013-07-29 18:18:22', '', '', 0, 1, 14),
(245, 15, '2013-07-29 18:50:18', '', '', 0, 1, 14),
(246, 16, '2013-07-29 18:51:00', '', '', 0, 1, 14),
(247, 17, '2013-07-29 19:23:47', 'Novy', '', 0, 1, 14),
(248, 18, '2013-07-29 19:25:03', '', '', 0, 1, 14),
(249, 19, '2013-07-29 19:30:58', '', '', 0, 1, 14),
(250, 20, '2013-07-29 19:31:51', '', '', 0, 1, 14),
(251, 21, '2013-07-29 19:34:56', '', '', 0, 1, 14),
(252, 22, '2013-07-29 19:49:31', '', '', 0, 1, 14),
(253, 23, '2013-07-29 19:49:55', '', '', 0, 1, 14),
(254, 24, '2013-07-29 20:20:09', '', '', 0, 1, 14),
(255, 25, '2013-07-29 20:31:27', '', '', 0, 1, 14),
(256, 26, '2013-07-29 20:34:22', '', '', 0, 1, 14),
(257, 27, '2013-07-29 20:47:40', '', '', 44, 1, 14),
(258, 28, '2013-07-29 21:43:46', 'Koji', '', 0, 0, 14),
(259, 1, '2013-07-30 17:15:02', '', '', 0, 1, 15),
(260, 2, '2013-07-30 17:49:28', 'Tita', '', 0, 1, 15),
(261, 3, '2013-07-30 17:53:36', 'Santi', '', 0, 1, 15),
(262, 4, '2013-07-30 17:55:49', '', '', 0, 1, 15),
(263, 5, '2013-07-30 18:13:56', '', '', 0, 1, 15),
(264, 6, '2013-07-30 18:22:39', '', '', 0, 1, 15),
(265, 7, '2013-07-30 18:24:56', '', '', 0, 1, 15),
(266, 8, '2013-07-30 18:32:33', '', '', 0, 1, 15),
(267, 9, '2013-07-30 19:04:17', '', '', 0, 1, 15),
(268, 10, '2013-07-30 20:24:11', '', '', 0, 1, 15),
(269, 11, '2013-07-30 20:43:15', '', '', 0, 1, 15),
(270, 12, '2013-07-30 20:59:09', 'Gina', '', 0, 1, 15),
(271, 13, '2013-07-30 21:26:02', 'Ocoy', '', 0, 1, 15),
(272, 14, '2013-07-30 21:46:27', 'Koji', '', 0, 0, 15),
(273, 15, '2013-07-30 22:06:22', 'Ocoy', '', 0, 1, 15),
(274, 1, '2013-07-31 17:29:24', '', '', 0, 1, 16),
(275, 2, '2013-07-31 17:33:55', '', '', 0, 1, 16),
(276, 3, '2013-07-31 17:34:03', '', '', 0, 1, 16),
(277, 4, '2013-07-31 17:59:22', '', '', 0, 1, 16),
(278, 5, '2013-07-31 17:59:55', '', '', 40, 1, 16),
(279, 6, '2013-07-31 18:25:37', 'Roni', '', 0, 1, 16),
(280, 7, '2013-07-31 18:40:42', 'Novi', '', 0, 1, 16),
(282, 9, '2013-07-31 19:50:22', '', '', 0, 1, 16),
(283, 10, '2013-07-31 20:04:35', '', '', 0, 1, 16),
(284, 11, '2013-07-31 20:09:52', '', '', 0, 1, 16),
(285, 12, '2013-07-31 21:59:25', 'Koji', '', 0, 0, 16),
(286, 1, '2013-08-01 17:20:35', '', '', 0, 1, 17),
(287, 2, '2013-08-01 17:33:53', '', '', 0, 1, 17),
(288, 3, '2013-08-01 17:36:47', '', '', 0, 1, 17),
(289, 4, '2013-08-01 17:55:04', 'Gina', '', 0, 1, 17),
(290, 5, '2013-08-01 17:57:25', '', '', 0, 1, 17),
(291, 6, '2013-08-01 18:11:44', '', '', 0, 1, 17),
(292, 7, '2013-08-01 18:21:19', 'Mita', '', 0, 1, 17),
(293, 8, '2013-08-01 18:26:37', 'Elis', '', 0, 1, 17),
(294, 9, '2013-08-01 18:30:41', 'Novi', '', 0, 1, 17),
(295, 10, '2013-08-01 18:52:06', '', '', 0, 1, 17),
(296, 11, '2013-08-01 18:56:29', 'Mega', '', 0, 1, 17),
(297, 12, '2013-08-01 18:57:00', 'Mita', '', 0, 1, 17),
(298, 13, '2013-08-01 21:02:25', '', '', 0, 1, 17),
(299, 14, '2013-08-01 21:05:43', '', '', 0, 1, 17),
(300, 1, '2013-08-02 17:56:51', '', '', 0, 1, 18),
(301, 2, '2013-08-02 17:56:59', '', '', 0, 1, 18),
(302, 3, '2013-08-02 18:04:31', '', 'Sebelum buka', 0, 1, 18),
(303, 4, '2013-08-02 18:05:23', 'Roni', '', 0, 1, 18),
(304, 5, '2013-08-02 18:16:46', '', '', 0, 1, 18),
(305, 6, '2013-08-02 18:42:57', '', '', 0, 1, 18),
(306, 6, '2013-08-02 19:13:25', 'Mita', '', 0, 1, 18),
(307, 7, '2013-08-02 19:34:04', '', '', 0, 1, 18),
(309, 10, '2013-08-02 19:40:24', '', '', 0, 1, 18),
(310, 11, '2013-08-02 19:41:40', '', '', 0, 1, 18),
(311, 12, '2013-08-02 20:15:49', '', '', 0, 1, 18),
(312, 13, '2013-08-02 20:16:39', '', '', 0, 1, 18),
(313, 14, '2013-08-02 20:16:55', '', '', 0, 1, 18),
(314, 15, '2013-08-02 20:24:24', 'Bernard', '', 50, 1, 18),
(315, 16, '2013-08-02 20:26:52', '', '', 0, 1, 18),
(316, 17, '2013-08-02 20:32:11', '', '', 0, 1, 18),
(317, 18, '2013-08-02 20:33:44', '', '', 0, 1, 18),
(318, 19, '2013-08-02 20:36:09', '', '', 0, 1, 18),
(319, 20, '2013-08-02 20:42:45', '', '', 0, 1, 18),
(320, 21, '2013-08-02 21:24:13', '', '', 0, 1, 18),
(321, 1, '2013-08-03 17:53:21', '', '', 0, 1, 19),
(322, 2, '2013-08-03 18:02:41', '', '', 0, 1, 19),
(323, 3, '2013-08-03 18:04:41', 'Karyawan', '', 0, 1, 19),
(324, 4, '2013-08-03 18:20:41', '', '', 0, 1, 19),
(325, 5, '2013-08-03 18:20:58', 'Tita', '', 0, 1, 19),
(326, 6, '2013-08-03 18:24:16', '', '', 0, 1, 19),
(327, 7, '2013-08-03 18:35:53', 'Roni', '', 0, 1, 19),
(328, 7, '2013-08-03 18:43:06', 'Apchagi', '', 0, 1, 19),
(329, 8, '2013-08-03 18:47:54', 'Elis', '', 0, 1, 19),
(330, 9, '2013-08-03 19:12:34', '', '', 0, 1, 19),
(331, 11, '2013-08-03 19:24:42', '', '', 0, 1, 19),
(333, 13, '2013-08-03 20:09:26', 'Myta', '', 0, 1, 19),
(334, 14, '2013-08-03 20:13:45', '', '', 0, 1, 19),
(335, 15, '2013-08-03 20:31:15', '', '', 0, 1, 19),
(336, 16, '2013-08-03 20:35:08', '', '', 0, 1, 19),
(337, 17, '2013-08-03 20:54:35', '', '', 0, 1, 19),
(338, 18, '2013-08-03 21:06:04', '', '', 0, 1, 19),
(339, 19, '2013-08-03 21:31:32', '', '', 0, 1, 19),
(340, 20, '2013-08-03 21:37:03', '', '', 0, 1, 19),
(341, 21, '2013-08-03 21:37:26', '', '', 0, 1, 19),
(342, 22, '2013-08-03 21:42:09', 'Mega', '', 0, 1, 19),
(343, 23, '2013-08-03 22:25:41', 'Ocoy', '', 0, 1, 19),
(344, 1, '2013-08-04 18:10:20', '', '', 0, 1, 20),
(345, 2, '2013-08-04 18:25:01', '', '', 0, 1, 20),
(346, 3, '2013-08-04 18:41:47', '', '', 0, 1, 20),
(347, 4, '2013-08-04 18:52:24', '', '', 0, 1, 20),
(348, 5, '2013-08-04 19:24:41', '', '', 0, 1, 20),
(349, 6, '2013-08-04 19:49:05', '', '', 0, 1, 20),
(350, 7, '2013-08-04 19:52:10', '', '', 0, 1, 20),
(351, 8, '2013-08-04 19:53:10', '', '', 0, 1, 20),
(352, 9, '2013-08-04 20:00:28', '', '', 0, 1, 20),
(353, 10, '2013-08-04 20:27:54', '', '', 0, 1, 20),
(354, 11, '2013-08-04 20:55:59', '', '', 0, 1, 20),
(355, 12, '2013-08-04 21:13:28', '', '', 0, 1, 20),
(356, 13, '2013-08-04 22:23:53', 'Koji', '', 0, 0, 20),
(357, 1, '2013-08-05 17:31:49', '', '', 50, 1, 21),
(358, 2, '2013-08-05 17:40:17', '', '', 40, 1, 21),
(359, 3, '2013-08-05 17:50:22', '', '', 0, 1, 21),
(360, 4, '2013-08-05 17:54:30', '', '', 40, 1, 21),
(361, 5, '2013-08-05 18:01:16', '', '', 0, 1, 21),
(362, 6, '2013-08-05 18:10:10', '', '', 0, 1, 21),
(363, 7, '2013-08-05 18:11:07', '', '', 0, 1, 21),
(364, 8, '2013-08-05 18:14:56', '', '', 0, 1, 21),
(365, 9, '2013-08-05 18:34:07', '', '', 0, 1, 21),
(366, 10, '2013-08-05 18:46:40', '', '', 0, 1, 21),
(367, 11, '2013-08-05 18:47:56', '', '', 0, 1, 21),
(368, 12, '2013-08-05 19:28:18', '', '', 0, 1, 21),
(369, 13, '2013-08-05 19:31:24', '', '', 0, 1, 21),
(370, 14, '2013-08-05 19:40:59', '', '', 0, 1, 21),
(371, 15, '2013-08-05 19:46:32', '', '', 0, 1, 21),
(372, 16, '2013-08-05 19:50:52', '', '', 0, 1, 21),
(373, 17, '2013-08-05 20:22:51', '', '', 0, 1, 21),
(374, 18, '2013-08-05 20:38:50', '', '', 0, 1, 21),
(375, 19, '2013-08-05 20:40:41', 'Santy varu', '', 0, 1, 21),
(376, 20, '2013-08-05 20:45:02', 'Novy', '', 0, 1, 21),
(377, 21, '2013-08-05 20:47:15', '', '', 0, 1, 21),
(378, 22, '2013-08-05 20:49:24', '', '', 0, 1, 21),
(379, 23, '2013-08-05 20:54:54', '', '', 0, 1, 21),
(380, 24, '2013-08-05 21:13:51', 'Gyna', '', 0, 1, 21),
(382, 2, '2013-08-06 17:50:11', '', '', 0, 1, 22),
(383, 3, '2013-08-06 17:53:08', '', '', 50, 1, 22),
(384, 4, '2013-08-06 17:56:51', '', '', 0, 1, 22),
(385, 5, '2013-08-06 18:12:14', '', '', 0, 1, 22),
(386, 6, '2013-08-06 18:14:31', '', '', 40, 1, 22),
(387, 7, '2013-08-06 18:14:51', '', '', 0, 1, 22),
(388, 8, '2013-08-06 18:34:58', '', '', 0, 1, 22),
(389, 9, '2013-08-06 18:46:06', '', '', 0, 1, 22),
(390, 10, '2013-08-06 19:01:04', 'Sebelum Buka', '', 0, 1, 22),
(391, 11, '2013-08-06 19:19:22', '', '', 0, 1, 22),
(392, 12, '2013-08-06 19:48:12', '', '', 0, 1, 22),
(393, 13, '2013-08-06 20:03:31', '', '', 0, 1, 22),
(394, 14, '2013-08-06 20:12:36', '', '', 0, 1, 22),
(395, 15, '2013-08-06 21:17:11', '', '', 0, 1, 22),
(396, 16, '2013-08-06 21:17:41', '', '', 0, 1, 22),
(397, 17, '2013-08-06 21:25:45', '', '', 0, 1, 22),
(398, 18, '2013-08-06 21:29:38', '', '', 0, 1, 22),
(399, 19, '2013-08-06 21:31:35', '', '', 0, 1, 22),
(400, 20, '2013-08-06 21:38:53', '', '', 0, 1, 22),
(401, 21, '2013-08-06 22:00:06', 'Mega', '', 0, 1, 22),
(402, 1, '2013-08-07 17:28:11', '', '', 0, 1, 23),
(403, 2, '2013-08-07 17:32:17', '', '', 0, 1, 23),
(404, 3, '2013-08-07 17:35:19', '', '', 0, 1, 23),
(405, 4, '2013-08-07 17:50:42', '', '', 0, 1, 23),
(406, 5, '2013-08-07 17:54:18', '', '', 0, 1, 23),
(407, 6, '2013-08-07 17:55:49', '', '', 0, 1, 23),
(408, 7, '2013-08-07 17:56:03', '', '', 0, 1, 23),
(409, 8, '2013-08-07 18:10:23', '', '', 0, 1, 23),
(410, 9, '2013-08-07 18:18:14', '', '', 0, 1, 23),
(411, 10, '2013-08-07 19:09:43', '', '', 0, 1, 23),
(412, 11, '2013-08-07 19:12:57', '', '', 0, 1, 23),
(413, 12, '2013-08-07 19:35:21', '', '', 0, 1, 23),
(414, 13, '2013-08-07 19:35:55', '', '', 0, 1, 23),
(415, 14, '2013-08-07 20:06:38', '', '', 50, 1, 23),
(416, 15, '2013-08-07 20:07:40', '', '', 0, 1, 23),
(417, 16, '2013-08-07 20:16:19', '', '', 0, 1, 23),
(418, 17, '2013-08-07 20:20:48', '', '', 0, 1, 23),
(419, 18, '2013-08-07 20:33:59', '', '', 0, 1, 23),
(420, 19, '2013-08-07 20:42:47', '', '', 0, 1, 23),
(421, 20, '2013-08-07 20:43:38', '', '', 0, 1, 23),
(422, 21, '2013-08-07 20:45:08', '', '', 40, 1, 23),
(423, 22, '2013-08-07 21:02:44', '', '', 0, 1, 23),
(424, 23, '2013-08-07 21:24:07', '', '', 0, 1, 23),
(425, 24, '2013-08-07 21:24:30', '', '', 0, 1, 23),
(426, 25, '2013-08-07 21:25:12', '', '', 0, 1, 23),
(427, 26, '2013-08-07 21:43:18', '', '', 0, 1, 23),
(428, 27, '2013-08-07 21:46:21', '', '', 0, 1, 23),
(429, 28, '2013-08-07 22:03:31', '', '', 0, 1, 23),
(430, 29, '2013-08-07 22:17:41', '', '', 0, 1, 23),
(431, 30, '2013-08-07 22:20:07', '', '', 0, 1, 23),
(432, 31, '2013-08-07 22:28:59', '', '', 0, 1, 23),
(433, 32, '2013-08-07 22:34:43', '', '', 0, 1, 23),
(434, 33, '2013-08-07 22:36:54', '', '', 0, 1, 23),
(435, 1, '2013-08-09 20:33:51', '', 'libur tp ada yg beli minum', 0, 1, 24),
(436, 1, '2013-08-10 20:55:33', '', '', 0, 1, 25),
(437, 1, '2013-08-11 20:51:09', '', '', 0, 1, 26),
(438, 1, '2013-08-12 21:35:47', '', '', 0, 1, 27),
(439, 1, '2013-08-13 20:49:03', '', '', 0, 1, 28),
(441, 2, '2013-08-14 20:49:48', '', '', 0, 1, 29),
(442, 1, '2013-08-15 15:48:07', 'Sebelum Buka', '', 0, 1, 30),
(443, 2, '2013-08-15 16:29:34', '', '', 0, 1, 30),
(444, 3, '2013-08-15 16:32:14', '', '', 0, 1, 30),
(445, 4, '2013-08-15 16:41:43', '', '', 0, 1, 30),
(446, 5, '2013-08-15 17:09:36', '', '', 0, 1, 30),
(447, 6, '2013-08-15 17:42:26', 'Mita', '', 0, 1, 30),
(448, 7, '2013-08-15 18:34:43', '', '', 0, 1, 30),
(451, 9, '2013-08-15 19:17:11', '', '', 0, 1, 30),
(452, 10, '2013-08-15 19:23:22', '', '', 0, 1, 30),
(453, 11, '2013-08-15 19:32:04', '', '', 0, 1, 30),
(454, 11, '2013-08-15 19:57:00', 'Santy', '', 0, 1, 30),
(455, 1, '2013-08-16 18:09:26', '', '', 0, 1, 31),
(456, 2, '2013-08-16 18:13:31', '', '', 0, 1, 31),
(457, 3, '2013-08-16 18:27:09', '', '', 0, 1, 31),
(458, 4, '2013-08-16 18:45:57', '', '', 0, 1, 31),
(459, 5, '2013-08-16 19:06:44', '', '', 0, 1, 31),
(460, 6, '2013-08-16 19:47:51', '', '', 0, 1, 31),
(461, 7, '2013-08-16 19:51:36', '', '', 0, 1, 31),
(462, 8, '2013-08-16 20:45:42', '', 'sebelum buka', 0, 1, 31),
(463, 9, '2013-08-16 20:50:34', 'Koji', '', 0, 0, 31),
(464, 1, '2013-08-18 14:53:47', '', 'sebelum buka', 0, 1, 32),
(465, 2, '2013-08-18 17:33:59', '', '', 0, 1, 32),
(466, 3, '2013-08-18 17:50:34', '', '', 0, 1, 32),
(467, 4, '2013-08-18 19:09:28', '', '', 50, 1, 32),
(468, 1, '2013-08-19 15:24:00', 'Sebelum Buka', '', 0, 1, 33),
(469, 2, '2013-08-19 15:32:49', '', '', 0, 1, 33),
(470, 3, '2013-08-19 17:11:21', '', '', 0, 1, 33),
(471, 4, '2013-08-19 17:48:36', '', '', 0, 1, 33),
(472, 5, '2013-08-19 19:22:01', 'Indra', '', 0, 1, 33),
(473, 6, '2013-08-19 19:27:06', 'Bobby', '', 50, 1, 33),
(474, 7, '2013-08-19 19:28:01', 'Archie', '', 0, 1, 33),
(475, 1, '2013-08-20 16:25:23', '', 'sebelum buka', 0, 1, 34),
(476, 2, '2013-08-20 19:27:27', '', '', 0, 1, 34),
(477, 3, '2013-08-20 19:27:53', '', '', 0, 1, 34),
(478, 4, '2013-08-20 19:28:05', '', '', 0, 1, 34),
(479, 5, '2013-08-20 19:40:57', '', '', 0, 1, 34),
(480, 6, '2013-08-20 20:25:41', '', '', 0, 1, 34),
(481, 1, '2013-08-21 13:32:56', '', '', 0, 1, 35),
(484, 4, '2013-08-21 14:05:33', '', '', 0, 1, 35),
(485, 5, '2013-08-21 14:23:35', '', '', 0, 1, 35),
(486, 6, '2013-08-21 15:41:34', 'Ronald', '', 0, 1, 35),
(487, 7, '2013-08-21 17:13:01', 'Sebelum Buka', '', 0, 1, 35),
(488, 8, '2013-08-21 17:14:06', '', '', 0, 1, 35),
(490, 10, '2013-08-21 17:17:17', '', '', 0, 1, 35),
(491, 11, '2013-08-21 17:26:05', '', '', 0, 1, 35),
(492, 12, '2013-08-21 17:36:55', '', '', 0, 1, 35),
(494, 14, '2013-08-21 17:45:10', '', '', 0, 1, 35),
(495, 15, '2013-08-21 18:35:39', '', '', 0, 1, 35),
(496, 16, '2013-08-21 18:52:55', '', '', 0, 1, 35),
(497, 17, '2013-08-21 19:09:23', '', '', 0, 1, 35),
(498, 18, '2013-08-21 19:53:56', '', '', 0, 1, 35),
(499, 19, '2013-08-21 20:24:52', '', '', 0, 1, 35),
(500, 20, '2013-08-21 20:32:49', '', '', 0, 1, 35),
(501, 21, '2013-08-21 21:08:22', 'Koji', '', 0, 0, 35),
(502, 1, '2013-08-22 14:42:41', '', '', 0, 1, 36),
(503, 2, '2013-08-22 14:46:25', '', '', 0, 1, 36),
(504, 3, '2013-08-22 15:04:50', '', '', 0, 1, 36),
(505, 4, '2013-08-22 18:16:03', '', '', 0, 1, 36);

--
-- Triggers `t_order`
--
DROP TRIGGER IF EXISTS `add_jumlah_pembeli`;
DELIMITER //
CREATE TRIGGER `add_jumlah_pembeli` AFTER INSERT ON `t_order`
 FOR EACH ROW BEGIN
UPDATE variabel 
SET jumlah_pembeli = jumlah_pembeli  + 1;
END
//
DELIMITER ;

-- --------------------------------------------------------

--
-- Table structure for table `t_order_menu`
--

CREATE TABLE IF NOT EXISTS `t_order_menu` (
  `id` int(11) NOT NULL AUTO_INCREMENT,
  `id_order` int(11) NOT NULL,
  `id_menu` int(11) NOT NULL,
  `menu_sequence` int(11) NOT NULL,
  `keterangan` varchar(64) NOT NULL,
  `harga_awal` int(11) NOT NULL,
  `discount` int(11) NOT NULL DEFAULT '0',
  `harga` int(11) NOT NULL,
  `harga_min` int(11) NOT NULL,
  `harga_setor` int(11) NOT NULL,
  `nama_setor` varchar(32) NOT NULL,
  `done` tinyint(1) NOT NULL,
  `waktu_done` timestamp NULL DEFAULT NULL,
  PRIMARY KEY (`id`)
) ENGINE=InnoDB  DEFAULT CHARSET=latin1 AUTO_INCREMENT=1250 ;

--
-- Dumping data for table `t_order_menu`
--

INSERT INTO `t_order_menu` (`id`, `id_order`, `id_menu`, `menu_sequence`, `keterangan`, `harga_awal`, `discount`, `harga`, `harga_min`, `harga_setor`, `nama_setor`, `done`, `waktu_done`) VALUES
(1, 1, 1, 1, 'hrs ada crema', 8000, 40, 4800, 0, 0, '', 1, '2013-06-24 19:00:17'),
(2, 1, 2, 2, 'hrs masih panas', 10000, 20, 8000, 0, 0, '', 1, '2013-06-24 18:57:01'),
(3, 2, 1, 1, '', 8000, 25, 6000, 0, 0, '', 1, '2013-06-24 19:03:24'),
(4, 2, 3, 2, 'ampasnya tlg disaring', 8000, 20, 6400, 0, 0, '', 1, '2013-06-24 22:38:57'),
(5, 3, 1, 1, '', 8000, 20, 6400, 0, 0, '', 1, '2013-06-24 22:45:11'),
(6, 3, 1, 1, '', 8000, 20, 6400, 0, 0, '', 1, '2013-06-24 22:45:17'),
(7, 3, 1, 2, 'beda nih', 8000, 20, 6400, 0, 0, '', 1, '2013-06-24 22:45:24'),
(8, 3, 2, 3, 'pake sedotan', 10000, 20, 8000, 0, 0, '', 1, '2013-07-02 15:49:42'),
(9, 4, 3, 1, 'minta gula rada banyak, sama brown sugar jg', 8000, 20, 6400, 0, 0, '', 0, NULL),
(10, 4, 3, 2, '', 8000, 20, 6400, 0, 0, '', 0, NULL),
(11, 5, 1, 1, 'pake gula', 8000, 40, 4800, 0, 0, '', 0, NULL),
(12, 5, 2, 2, '', 10000, 40, 6000, 0, 0, '', 0, NULL),
(13, 5, 3, 3, '', 8000, 40, 4800, 0, 0, '', 0, NULL),
(14, 5, 3, 3, '', 8000, 40, 4800, 0, 0, '', 0, NULL),
(15, 5, 3, 3, '', 8000, 40, 4800, 0, 0, '', 0, NULL),
(28, 10, 2, 0, '', 10000, 60, 4000, 0, 0, '', 0, NULL),
(29, 10, 3, 1, 'minta sendok', 8000, 60, 3200, 0, 0, '', 0, NULL),
(30, 10, 3, 1, 'minta sendok', 8000, 60, 3200, 0, 0, '', 0, NULL),
(32, 12, 2, 0, '', 20000, 40, 12000, 0, 0, '', 0, NULL),
(33, 12, 2, 0, '', 20000, 40, 12000, 0, 0, '', 0, NULL),
(34, 13, 1, 0, '', 0, 0, 0, 0, 0, '', 0, NULL),
(35, 13, 1, 0, '', 0, 0, 0, 0, 0, '', 0, NULL),
(36, 13, 2, 1, '', 0, 0, 0, 0, 0, '', 0, NULL),
(37, 13, 4, 2, 'diaduk aja', 0, 0, 0, 0, 0, '', 0, NULL),
(38, 14, 4, 0, '', 0, 0, 0, 0, 0, '', 0, NULL),
(39, 14, 5, 1, 'jgn pake coklat', 0, 0, 0, 0, 0, '', 0, NULL),
(40, 16, 2, 0, 'pake gula 1 sdt', 10000, 50, 5000, 0, 0, '', 0, NULL),
(41, 16, 1, 1, '', 8000, 50, 4000, 0, 0, '', 0, NULL),
(45, 18, 13, 0, 'pake duren', 22000, 40, 13200, 0, 0, '', 1, '2013-07-02 17:02:44'),
(46, 18, 6, 1, 'pake duren juga', 20000, 40, 12000, 0, 0, '', 1, '2013-07-02 17:02:46'),
(47, 19, 17, 0, '', 22000, 40, 13200, 0, 0, '', 1, '2013-07-04 16:15:36'),
(48, 20, 18, 0, '', 24000, 40, 14400, 0, 0, '', 1, '2013-07-04 16:15:36'),
(49, 22, 10, 0, 'pake kopi blacks', 22000, 36, 14000, 0, 0, '', 1, '2013-07-04 16:15:48'),
(50, 23, 10, 0, 'pake kopi biasa', 22000, 20, 17600, 0, 0, '', 1, '2013-07-04 16:15:49'),
(51, 24, 19, 0, '', 24000, 40, 14400, 0, 0, '', 1, '2013-07-04 16:15:50'),
(52, 25, 8, 0, '', 20000, 40, 12000, 0, 0, '', 0, NULL),
(53, 25, 17, 1, 'pake brown sugar', 22000, 40, 13200, 0, 0, '', 0, NULL),
(54, 26, 22, 0, '', 24000, 40, 14400, 11000, 0, '', 0, NULL),
(55, 26, 20, 1, 'brown sugar 2 sachet', 26000, 30, 18200, 12000, 0, '', 0, NULL),
(56, 26, 22, 0, '', 24000, 40, 14400, 11000, 0, '', 0, NULL),
(57, 27, 40, 0, 'pake gula yg banyak', 24000, 40, 14400, 6000, 0, '', 1, '2013-07-10 19:32:34'),
(58, 27, 16, 1, 'caramelnya banyakan', 25000, 30, 17500, 12000, 0, '', 0, NULL),
(59, 27, 16, 1, 'caramelnya banyakan', 25000, 30, 17500, 12000, 0, '', 0, NULL),
(60, 28, 3, 0, 'pake robusta, level 3', 18000, 40, 10800, 7000, 0, '', 0, NULL),
(61, 28, 68, 1, '', 0, 0, 0, 0, 0, '', 0, NULL),
(62, 28, 84, 2, '', 6000, 0, 6000, 3000, 0, '', 0, NULL),
(65, 30, 96, 0, '', 5000, 0, 5000, 4500, 4000, 'Mamah', 1, '2013-07-17 17:09:18'),
(67, 32, 7, 0, '', 25000, 50, 12500, 11000, 0, '', 1, '2013-07-17 17:58:06'),
(68, 33, 96, 0, '', 5000, 0, 5000, 4500, 4000, 'Mamah', 1, '2013-07-17 17:59:41'),
(69, 34, 2, 0, '', 16000, 50, 8000, 6000, 0, '', 1, '2013-07-17 18:01:49'),
(70, 34, 86, 1, '', 24000, 50, 12000, 12000, 0, '', 1, '2013-07-17 18:01:50'),
(71, 35, 14, 0, '', 25000, 50, 12500, 11000, 0, '', 1, '2013-07-17 19:23:51'),
(72, 35, 14, 0, '', 25000, 50, 12500, 11000, 0, '', 1, '2013-07-17 19:23:52'),
(78, 38, 2, 0, '', 16000, 30, 11200, 6000, 0, '', 1, '2013-07-17 19:23:54'),
(79, 38, 2, 0, '', 16000, 30, 11200, 6000, 0, '', 1, '2013-07-17 19:23:54'),
(80, 38, 3, 1, '', 18000, 30, 12600, 7000, 0, '', 1, '2013-07-17 19:23:55'),
(81, 39, 37, 0, 'ga pake espresso', 24000, 59, 9800, 7000, 0, '', 1, '2013-07-17 19:33:55'),
(82, 40, 41, 0, '', 22000, 50, 11000, 10000, 0, '', 1, '2013-07-17 19:39:55'),
(83, 40, 37, 1, 'ga pake espresso', 24000, 71, 7000, 7000, 0, '', 1, '2013-07-17 19:35:20'),
(84, 41, 18, 0, '', 21000, 40, 12600, 10000, 0, '', 1, '2013-07-17 20:10:03'),
(85, 41, 96, 1, '', 5000, 0, 5000, 4500, 4000, 'Mamah', 1, '2013-07-17 20:10:04'),
(86, 42, 5, 0, '', 20000, 50, 10000, 8000, 0, '', 1, '2013-07-17 20:10:05'),
(87, 43, 3, 0, '', 18000, 44, 10000, 7000, 0, '', 1, '2013-07-17 20:10:06'),
(88, 44, 96, 0, '', 5000, 0, 5000, 4500, 4000, 'Mamah', 1, '2013-07-17 20:10:07'),
(90, 46, 18, 0, '', 21000, 52, 10000, 10000, 0, '', 1, '2013-07-18 16:31:30'),
(91, 46, 39, 1, '', 24000, 50, 12000, 8000, 0, '', 1, '2013-07-18 16:41:15'),
(92, 47, 12, 0, '', 24000, 50, 12000, 10000, 0, '', 1, '2013-07-18 16:46:04'),
(93, 48, 25, 0, '', 27000, 50, 13500, 13000, 0, '', 1, '2013-07-18 16:46:00'),
(94, 49, 18, 0, '', 21000, 50, 10500, 10000, 0, '', 1, '2013-07-18 16:36:00'),
(95, 50, 96, 0, '', 5000, 0, 5000, 4500, 4000, 'Mamah', 1, '2013-07-18 16:31:57'),
(96, 51, 8, 0, '', 20000, 50, 10000, 8000, 0, '', 1, '2013-07-18 16:57:15'),
(97, 52, 27, 0, '', 30000, 50, 15000, 14000, 0, '', 1, '2013-07-18 17:01:45'),
(98, 53, 20, 0, '', 28000, 50, 14000, 13000, 0, '', 1, '2013-07-18 16:57:16'),
(99, 54, 22, 0, '', 26000, 50, 13000, 12000, 0, '', 1, '2013-07-18 17:05:46'),
(100, 55, 96, 0, '', 5000, 0, 5000, 4500, 4000, 'Mamah', 1, '2013-07-18 17:01:48'),
(101, 56, 22, 0, '', 26000, 50, 13000, 12000, 0, '', 1, '2013-07-18 17:10:19'),
(102, 57, 98, 0, '', 15000, 0, 15000, 13000, 10000, 'Mamah', 1, '2013-07-18 18:08:39'),
(103, 58, 98, 0, '', 15000, 0, 15000, 13000, 10000, 'Mamah', 1, '2013-07-18 18:11:46'),
(104, 59, 3, 0, '', 18000, 30, 12600, 7000, 0, '', 1, '2013-07-18 18:42:31'),
(105, 60, 92, 0, '', 19000, 30, 13300, 8000, 0, '', 1, '2013-07-18 19:49:42'),
(106, 60, 22, 1, '', 26000, 30, 18200, 12000, 0, '', 1, '2013-07-18 19:52:22'),
(107, 61, 96, 0, '', 5000, 0, 5000, 4500, 4000, 'Mamah', 1, '2013-07-18 20:00:46'),
(108, 62, 5, 0, '', 20000, 30, 14000, 8000, 0, '', 1, '2013-07-18 20:10:13'),
(109, 63, 103, 1, '', 2500, 0, 2500, 2000, 1500, 'Mamah', 1, '2013-07-19 11:04:45'),
(110, 64, 98, 0, '', 15000, 0, 15000, 13000, 10000, 'Mamah', 1, '2013-07-19 15:51:39'),
(112, 66, 96, 0, '', 5000, 0, 5000, 4500, 4000, 'Mamah', 1, '2013-07-19 16:23:08'),
(113, 66, 96, 0, '', 5000, 0, 5000, 4500, 4000, 'Mamah', 1, '2013-07-19 16:23:08'),
(114, 67, 106, 0, '', 2500, 0, 2500, 2300, 2000, 'Mamah', 1, '2013-07-19 16:26:20'),
(115, 68, 111, 0, '', 5000, 0, 5000, 4000, 4000, 'Mamah', 1, '2013-07-19 16:36:27'),
(116, 68, 103, 1, '', 2500, 0, 2500, 2000, 1500, 'Mamah', 1, '2013-07-19 16:36:28'),
(117, 69, 111, 0, '', 5000, 0, 5000, 4000, 4000, 'Mamah', 1, '2013-07-19 17:48:04'),
(118, 69, 111, 0, '', 5000, 0, 5000, 4000, 4000, 'Mamah', 1, '2013-07-19 17:48:05'),
(119, 69, 111, 0, '', 5000, 0, 5000, 4000, 4000, 'Mamah', 1, '2013-07-19 17:48:05'),
(120, 70, 107, 0, '', 1000, 0, 1000, 1000, 1000, 'Mamah', 1, '2013-07-19 17:57:18'),
(121, 70, 107, 0, '', 1000, 0, 1000, 1000, 1000, 'Mamah', 1, '2013-07-19 17:57:19'),
(122, 70, 107, 0, '', 1000, 0, 1000, 1000, 1000, 'Mamah', 1, '2013-07-19 17:57:19'),
(123, 70, 107, 0, '', 1000, 0, 1000, 1000, 1000, 'Mamah', 1, '2013-07-19 17:57:20'),
(124, 70, 109, 1, '', 3500, 0, 3500, 3300, 3000, 'Mamah', 1, '2013-07-19 17:57:20'),
(125, 71, 103, 0, '', 2500, 0, 2500, 2000, 1500, 'Mamah', 1, '2013-07-19 18:00:55'),
(126, 72, 104, 0, '', 2000, 0, 2000, 1600, 1200, 'Mamah', 1, '2013-07-19 18:16:24'),
(127, 72, 107, 1, '', 1000, 0, 1000, 1000, 1000, 'Mamah', 1, '2013-07-19 18:16:25'),
(128, 72, 107, 1, '', 1000, 0, 1000, 1000, 1000, 'Mamah', 1, '2013-07-19 18:16:25'),
(129, 73, 107, 0, '', 1000, 0, 1000, 1000, 1000, 'Mamah', 1, '2013-07-19 19:22:24'),
(130, 73, 102, 1, '', 1000, 0, 1000, 800, 500, 'Mamah', 1, '2013-07-19 19:22:25'),
(131, 74, 36, 0, '', 20000, 50, 10000, 6000, 0, '', 1, '2013-07-19 20:50:57'),
(132, 75, 110, 0, '', 5000, 0, 5000, 4700, 4200, 'Mamah', 1, '2013-07-19 20:51:48'),
(133, 76, 22, 0, '', 26000, 30, 18200, 12000, 0, '', 1, '2013-07-19 21:00:25'),
(135, 78, 17, 0, '', 18000, 30, 12600, 7000, 0, '', 1, '2013-07-19 21:45:55'),
(136, 78, 17, 0, '', 18000, 30, 12600, 7000, 0, '', 1, '2013-07-19 21:46:00'),
(137, 79, 111, 0, '', 5000, 0, 5000, 4500, 4000, 'Mamah', 1, '2013-07-20 16:41:50'),
(138, 79, 107, 1, '', 1000, 0, 1000, 1000, 1000, 'Mamah', 1, '2013-07-20 16:41:51'),
(139, 79, 107, 1, '', 1000, 0, 1000, 1000, 1000, 'Mamah', 1, '2013-07-20 16:41:51'),
(140, 80, 109, 0, '', 3500, 0, 3500, 3300, 3000, 'Mamah', 1, '2013-07-20 17:09:32'),
(141, 81, 109, 0, '', 3500, 0, 3500, 3300, 3000, 'Mamah', 1, '2013-07-20 17:47:47'),
(142, 81, 107, 1, '', 1000, 0, 1000, 1000, 1000, 'Mamah', 1, '2013-07-20 17:47:48'),
(143, 81, 107, 1, '', 1000, 0, 1000, 1000, 1000, 'Mamah', 1, '2013-07-20 17:47:48'),
(144, 81, 107, 1, '', 1000, 0, 1000, 1000, 1000, 'Mamah', 1, '2013-07-20 17:47:48'),
(145, 82, 109, 0, '', 3500, 0, 3500, 3300, 3000, 'Mamah', 1, '2013-07-20 17:57:43'),
(146, 83, 102, 0, '', 1000, 0, 1000, 800, 500, 'Mamah', 1, '2013-07-20 17:58:02'),
(147, 83, 107, 1, '', 1000, 0, 1000, 1000, 1000, 'Mamah', 1, '2013-07-20 17:58:01'),
(148, 84, 103, 0, '', 2500, 0, 2500, 2000, 1500, 'Mamah', 1, '2013-07-20 18:01:44'),
(149, 85, 103, 0, '', 2500, 0, 2500, 2000, 1500, 'Mamah', 1, '2013-07-20 18:19:24'),
(150, 86, 109, 0, '', 3500, 0, 3500, 3300, 3000, 'Mamah', 1, '2013-07-20 18:19:25'),
(151, 86, 106, 1, '', 2500, 0, 2500, 2300, 2000, 'Mamah', 1, '2013-07-20 18:19:25'),
(152, 87, 95, 0, '', 21000, 50, 10500, 9000, 0, '', 1, '2013-07-20 18:23:24'),
(153, 88, 6, 0, '', 22000, 30, 15400, 9000, 0, '', 1, '2013-07-20 18:33:07'),
(154, 89, 102, 0, '', 1000, 0, 1000, 800, 500, 'Mamah', 1, '2013-07-20 18:47:15'),
(155, 89, 102, 0, '', 1000, 0, 1000, 800, 500, 'Mamah', 1, '2013-07-20 18:47:16'),
(156, 90, 107, 0, '', 1000, 0, 1000, 1000, 1000, 'Mamah', 1, '2013-07-20 19:30:08'),
(157, 91, 109, 0, '', 3500, 0, 3500, 3300, 3000, 'Mamah', 1, '2013-07-20 20:31:52'),
(158, 92, 22, 0, '', 26000, 50, 13000, 12000, 0, '', 1, '2013-07-20 20:31:51'),
(159, 93, 11, 0, '', 24000, 58, 10000, 10000, 0, '', 1, '2013-07-21 00:12:30'),
(165, 95, 112, 0, '', 15000, 0, 15000, 15000, 15000, 'BlackJack', 1, '2013-07-20 17:13:50'),
(166, 96, 110, 0, '', 5000, 0, 5000, 4700, 4200, 'Mamah', 1, '2013-07-21 16:52:28'),
(167, 96, 110, 0, '', 5000, 0, 5000, 4700, 4200, 'Mamah', 1, '2013-07-21 16:52:29'),
(168, 96, 110, 0, '', 5000, 0, 5000, 4700, 4200, 'Mamah', 1, '2013-07-21 16:52:30'),
(169, 96, 102, 1, '', 1000, 0, 1000, 800, 500, 'Mamah', 1, '2013-07-21 16:52:30'),
(170, 96, 102, 1, '', 1000, 0, 1000, 800, 500, 'Mamah', 1, '2013-07-21 16:52:31'),
(171, 96, 102, 1, '', 1000, 0, 1000, 800, 500, 'Mamah', 1, '2013-07-21 16:52:31'),
(172, 96, 102, 1, '', 1000, 0, 1000, 800, 500, 'Mamah', 1, '2013-07-21 16:52:31'),
(173, 96, 107, 2, '', 1000, 0, 1000, 1000, 1000, 'Mamah', 1, '2013-07-21 16:52:32'),
(174, 96, 107, 2, '', 1000, 0, 1000, 1000, 1000, 'Mamah', 1, '2013-07-21 16:52:32'),
(175, 96, 107, 2, '', 1000, 0, 1000, 1000, 1000, 'Mamah', 1, '2013-07-21 16:52:33'),
(176, 96, 107, 2, '', 1000, 0, 1000, 1000, 1000, 'Mamah', 1, '2013-07-21 16:52:33'),
(177, 96, 107, 2, '', 1000, 0, 1000, 1000, 1000, 'Mamah', 1, '2013-07-21 16:52:34'),
(178, 96, 107, 2, '', 1000, 0, 1000, 1000, 1000, 'Mamah', 1, '2013-07-21 16:52:34'),
(179, 96, 107, 2, '', 1000, 0, 1000, 1000, 1000, 'Mamah', 1, '2013-07-21 16:52:35'),
(180, 96, 109, 3, '', 3500, 0, 3500, 3300, 3000, 'Mamah', 1, '2013-07-21 16:52:35'),
(181, 96, 106, 4, '', 2500, 0, 2500, 2300, 2000, 'Mamah', 1, '2013-07-21 16:52:35'),
(182, 97, 113, 0, 'jangan pake kopi', 6000, 16, 5000, 4000, 0, '', 1, '2013-07-21 17:04:32'),
(183, 97, 114, 1, 'jangan pake kopi', 7000, 14, 6000, 5000, 0, '', 1, '2013-07-21 17:04:33'),
(184, 98, 109, 0, '', 3500, 0, 3500, 3300, 3000, 'Mamah', 1, '2013-07-21 17:17:07'),
(185, 99, 102, 0, '', 1000, 0, 1000, 800, 500, 'Mamah', 1, '2013-07-21 17:24:52'),
(186, 100, 106, 0, '', 2500, 0, 2500, 2300, 2000, 'Mamah', 1, '2013-07-21 19:00:00'),
(187, 100, 109, 1, '', 3500, 0, 3500, 3300, 3000, 'Mamah', 1, '2013-07-21 19:00:00'),
(188, 101, 103, 0, '', 2500, 0, 2500, 2000, 1500, 'Mamah', 1, '2013-07-21 19:00:01'),
(189, 101, 106, 1, '', 2500, 0, 2500, 2300, 2000, 'Mamah', 1, '2013-07-21 19:00:02'),
(190, 102, 107, 0, '', 1000, 0, 1000, 1000, 1000, 'Mamah', 1, '2013-07-21 19:00:03'),
(191, 103, 127, 0, '', 5000, 0, 5000, 3000, 0, '', 1, '2013-07-21 19:45:08'),
(192, 103, 127, 0, '', 5000, 0, 5000, 3000, 0, '', 1, '2013-07-21 19:45:09'),
(194, 105, 40, 0, '', 24000, 30, 16800, 6000, 0, '', 1, '2013-07-21 20:01:51'),
(196, 107, 31, 0, '', 36000, 30, 25200, 18000, 0, '', 1, '2013-07-21 20:19:00'),
(197, 107, 117, 1, '', 7000, 0, 7000, 6000, 0, '', 1, '2013-07-21 20:13:58'),
(198, 108, 107, 0, '', 1000, 0, 1000, 1000, 1000, 'Mamah', 1, '2013-07-21 20:19:10'),
(199, 108, 107, 0, '', 1000, 0, 1000, 1000, 1000, 'Mamah', 1, '2013-07-21 20:19:10'),
(200, 108, 107, 0, '', 1000, 0, 1000, 1000, 1000, 'Mamah', 1, '2013-07-21 20:19:11'),
(203, 110, 114, 0, '', 7000, 0, 7000, 5000, 0, '', 1, '2013-07-21 20:34:24'),
(204, 110, 20, 1, '', 28000, 30, 19600, 13000, 0, '', 1, '2013-07-21 20:39:16'),
(205, 110, 127, 2, '', 5000, 0, 5000, 3000, 0, '', 1, '2013-07-21 20:39:16'),
(206, 111, 109, 0, '', 3500, 0, 3500, 3300, 3000, 'Mamah', 1, '2013-07-21 21:04:06'),
(209, 113, 10, 0, '', 24000, 0, 24000, 10000, 0, '', 1, '2013-07-21 22:00:41'),
(210, 113, 10, 0, '', 24000, 0, 24000, 10000, 0, '', 1, '2013-07-21 22:00:41'),
(211, 113, 6, 1, '', 22000, 0, 22000, 9000, 0, '', 1, '2013-07-21 22:00:41'),
(212, 114, 107, 0, '', 1000, 0, 1000, 1000, 1000, 'Mamah', 1, '2013-07-22 17:38:49'),
(213, 114, 107, 0, '', 1000, 0, 1000, 1000, 1000, 'Mamah', 1, '2013-07-22 17:38:49'),
(214, 114, 102, 1, '', 1000, 0, 1000, 800, 500, 'Mamah', 1, '2013-07-22 17:38:50'),
(215, 114, 102, 1, '', 1000, 0, 1000, 800, 500, 'Mamah', 1, '2013-07-22 17:38:50'),
(216, 115, 109, 0, '', 3500, 0, 3500, 3300, 3000, 'Mamah', 1, '2013-07-22 17:51:39'),
(217, 115, 107, 1, '', 1000, 0, 1000, 1000, 1000, 'Mamah', 1, '2013-07-22 17:51:40'),
(218, 116, 107, 0, '', 1000, 0, 1000, 1000, 1000, 'Mamah', 1, '2013-07-22 17:56:23'),
(219, 117, 106, 0, '', 2500, 0, 2500, 2300, 2000, 'Mamah', 1, '2013-07-22 18:07:39'),
(220, 117, 106, 0, '', 2500, 0, 2500, 2300, 2000, 'Mamah', 1, '2013-07-22 18:07:39'),
(221, 118, 107, 0, '', 1000, 0, 1000, 1000, 1000, 'Mamah', 1, '2013-07-22 18:51:11'),
(222, 118, 107, 0, '', 1000, 0, 1000, 1000, 1000, 'Mamah', 1, '2013-07-22 18:51:11'),
(223, 118, 107, 0, '', 1000, 0, 1000, 1000, 1000, 'Mamah', 1, '2013-07-22 18:51:11'),
(224, 119, 107, 0, '', 1000, 0, 1000, 1000, 1000, 'Mamah', 1, '2013-07-22 19:15:52'),
(225, 120, 88, 0, '', 19000, 50, 9500, 8000, 0, '', 1, '2013-07-22 20:19:59'),
(226, 121, 138, 0, '', 1000, 0, 1000, 1000, 1000, 'Mamah', 1, '2013-07-22 20:20:56'),
(227, 122, 13, 0, 'bayar pake piutang', 25000, 60, 10000, 10000, 0, '', 1, '2013-07-22 20:39:25'),
(228, 123, 11, 0, '', 24000, 58, 10000, 10000, 0, '', 1, '2013-07-22 21:53:15'),
(229, 124, 106, 0, '', 2500, 0, 2500, 2300, 2000, 'Mamah', 1, '2013-07-22 20:48:31'),
(230, 125, 8, 0, '', 20000, 30, 14000, 8000, 0, '', 1, '2013-07-22 21:53:17'),
(231, 125, 13, 1, '', 25000, 30, 17500, 10000, 0, '', 1, '2013-07-22 21:53:17'),
(232, 126, 102, 0, '', 1000, 0, 1000, 800, 500, 'Mamah', 1, '2013-07-23 16:37:51'),
(233, 126, 109, 1, '', 3500, 0, 3500, 3300, 3000, 'Mamah', 1, '2013-07-23 16:37:52'),
(234, 126, 103, 2, '', 2500, 0, 2500, 2000, 1500, 'Mamah', 1, '2013-07-23 16:37:52'),
(235, 126, 107, 3, '', 1000, 0, 1000, 1000, 1000, 'Mamah', 1, '2013-07-23 16:37:53'),
(237, 128, 109, 0, '', 3500, 0, 3500, 3300, 3000, 'Mamah', 1, '2013-07-23 17:59:45'),
(238, 129, 35, 0, '', 38000, 50, 19000, 19000, 0, '', 1, '2013-07-23 18:06:32'),
(239, 130, 107, 0, '', 1000, 0, 1000, 1000, 1000, 'Mamah', 1, '2013-07-23 18:02:38'),
(240, 131, 138, 0, '', 1000, 0, 1000, 1000, 1000, 'Mamah', 1, '2013-07-23 18:02:38'),
(241, 132, 107, 0, '', 1000, 0, 1000, 1000, 1000, 'Mamah', 1, '2013-07-23 18:19:32'),
(242, 132, 107, 0, '', 1000, 0, 1000, 1000, 1000, 'Mamah', 1, '2013-07-23 18:19:32'),
(243, 133, 107, 0, '', 1000, 0, 1000, 1000, 1000, 'Mamah', 1, '2013-07-23 18:19:44'),
(244, 133, 107, 0, '', 1000, 0, 1000, 1000, 1000, 'Mamah', 1, '2013-07-23 18:19:45'),
(245, 133, 107, 0, '', 1000, 0, 1000, 1000, 1000, 'Mamah', 1, '2013-07-23 18:19:44'),
(246, 133, 138, 1, '', 1000, 0, 1000, 1000, 1000, 'Mamah', 1, '2013-07-23 18:19:45'),
(247, 134, 40, 0, '', 24000, 50, 12000, 6000, 0, '', 1, '2013-07-23 18:46:35'),
(248, 134, 35, 1, '', 38000, 50, 19000, 19000, 0, '', 1, '2013-07-23 18:30:58'),
(250, 136, 96, 0, '', 5000, 0, 5000, 4500, 4000, 'Mamah', 1, '2013-07-23 18:54:54'),
(251, 136, 107, 1, '', 1000, 0, 1000, 1000, 1000, 'Mamah', 1, '2013-07-23 18:54:54'),
(252, 137, 102, 0, '', 1000, 0, 1000, 800, 500, 'Mamah', 1, '2013-07-23 19:24:46'),
(253, 138, 113, 0, 'ga pake kopi', 6000, 0, 6000, 4000, 0, '', 1, '2013-07-23 20:57:05'),
(254, 139, 109, 0, '', 3500, 0, 3500, 3300, 3000, 'Mamah', 1, '2013-07-23 21:04:09'),
(255, 140, 24, 0, '', 27000, 51, 13000, 13000, 0, '', 1, '2013-07-23 22:25:28'),
(256, 141, 116, 0, '', 7000, 14, 6000, 6000, 0, '', 1, '2013-07-23 22:25:30'),
(257, 141, 116, 0, '', 7000, 14, 6000, 6000, 0, '', 1, '2013-07-23 22:25:29'),
(258, 141, 131, 1, '', 6000, 16, 5000, 5000, 0, '', 1, '2013-07-23 22:25:29'),
(259, 142, 25, 0, '', 27000, 51, 13000, 13000, 0, '', 1, '2013-07-23 22:25:30'),
(260, 143, 108, 0, '', 6000, 0, 6000, 5800, 5500, 'Mamah', 1, '2013-07-24 17:01:53'),
(261, 144, 107, 0, '', 1000, 0, 1000, 1000, 1000, 'Mamah', 1, '2013-07-24 17:05:46'),
(262, 144, 107, 0, '', 1000, 0, 1000, 1000, 1000, 'Mamah', 1, '2013-07-24 17:05:47'),
(263, 144, 107, 0, '', 1000, 0, 1000, 1000, 1000, 'Mamah', 1, '2013-07-24 17:05:47'),
(264, 144, 106, 1, '', 2500, 0, 2500, 2300, 2000, 'Mamah', 1, '2013-07-24 17:05:48'),
(265, 144, 106, 1, '', 2500, 0, 2500, 2300, 2000, 'Mamah', 1, '2013-07-24 17:05:48'),
(266, 144, 106, 1, '', 2500, 0, 2500, 2300, 2000, 'Mamah', 1, '2013-07-24 17:05:49'),
(267, 144, 109, 2, '', 3500, 0, 3500, 3300, 3000, 'Mamah', 1, '2013-07-24 17:05:49'),
(268, 144, 138, 3, '', 1000, 0, 1000, 1000, 1000, 'Mamah', 1, '2013-07-24 17:05:49'),
(269, 144, 138, 3, '', 1000, 0, 1000, 1000, 1000, 'Mamah', 1, '2013-07-24 17:05:50'),
(270, 145, 25, 0, '', 27000, 30, 18900, 13000, 0, '', 1, '2013-07-24 17:29:50'),
(271, 146, 107, 0, '', 1000, 0, 1000, 1000, 1000, 'Mamah', 1, '2013-07-24 17:57:39'),
(272, 146, 107, 0, '', 1000, 0, 1000, 1000, 1000, 'Mamah', 1, '2013-07-24 17:57:39'),
(273, 146, 102, 1, '', 1000, 0, 1000, 800, 500, 'Mamah', 1, '2013-07-24 17:57:40'),
(274, 146, 106, 2, '', 2500, 0, 2500, 2300, 2000, 'Mamah', 1, '2013-07-24 17:57:40'),
(275, 147, 109, 0, '', 3500, 0, 3500, 3300, 3000, 'Mamah', 1, '2013-07-24 17:57:57'),
(276, 148, 107, 0, '', 1000, 0, 1000, 1000, 1000, 'Mamah', 1, '2013-07-24 17:59:08'),
(280, 151, 15, 0, '', 0, 0, 0, 12000, 0, '', 1, '2013-07-24 18:18:29'),
(281, 152, 16, 0, '', 0, 0, 0, 12000, 0, '', 1, '2013-07-24 18:48:33'),
(282, 153, 9, 0, '', 22000, 50, 11000, 9000, 0, '', 1, '2013-07-24 18:48:16'),
(283, 154, 107, 0, '', 1000, 0, 1000, 1000, 1000, 'Mamah', 1, '2013-07-24 18:48:15'),
(284, 154, 107, 0, '', 1000, 0, 1000, 1000, 1000, 'Mamah', 1, '2013-07-24 18:48:18'),
(285, 154, 107, 0, '', 1000, 0, 1000, 1000, 1000, 'Mamah', 1, '2013-07-24 18:48:18'),
(286, 155, 107, 0, '', 1000, 0, 1000, 1000, 1000, 'Mamah', 1, '2013-07-24 18:55:59'),
(287, 155, 107, 0, '', 1000, 0, 1000, 1000, 1000, 'Mamah', 1, '2013-07-24 18:56:00'),
(288, 155, 107, 0, '', 1000, 0, 1000, 1000, 1000, 'Mamah', 1, '2013-07-24 18:56:00'),
(289, 156, 110, 0, '', 5000, 0, 5000, 4700, 4200, 'Mamah', 1, '2013-07-24 21:19:28'),
(290, 157, 38, 0, 'ga pake astor', 24000, 50, 12000, 8000, 0, '', 1, '2013-07-24 21:34:33'),
(291, 158, 11, 0, '', 0, 0, 0, 10000, 0, '', 1, '2013-07-24 22:14:04'),
(292, 159, 25, 0, '', 0, 0, 0, 13000, 0, '', 1, '2013-07-24 22:14:04'),
(293, 160, 106, 0, '', 2500, 0, 2500, 2300, 2000, 'Mamah', 1, '2013-07-25 17:00:42'),
(294, 160, 108, 1, '', 6000, 0, 6000, 5800, 5500, 'Mamah', 1, '2013-07-25 17:00:43'),
(295, 160, 107, 2, '', 1000, 0, 1000, 1000, 1000, 'Mamah', 1, '2013-07-25 17:00:43'),
(296, 160, 107, 2, '', 1000, 0, 1000, 1000, 1000, 'Mamah', 1, '2013-07-25 17:00:44'),
(297, 160, 110, 3, '', 5000, 0, 5000, 4700, 4200, 'Mamah', 1, '2013-07-25 17:00:44'),
(298, 160, 110, 3, '', 5000, 0, 5000, 4700, 4200, 'Mamah', 1, '2013-07-25 17:00:45'),
(299, 161, 102, 0, '', 1000, 0, 1000, 800, 500, 'Mamah', 1, '2013-07-25 17:56:28'),
(300, 161, 138, 1, '', 1000, 0, 1000, 1000, 1000, 'Mamah', 1, '2013-07-25 17:56:28'),
(301, 161, 138, 1, '', 1000, 0, 1000, 1000, 1000, 'Mamah', 1, '2013-07-25 17:56:28'),
(302, 161, 107, 2, '', 1000, 0, 1000, 1000, 1000, 'Mamah', 1, '2013-07-25 17:56:29'),
(303, 161, 107, 2, '', 1000, 0, 1000, 1000, 1000, 'Mamah', 1, '2013-07-25 17:56:29'),
(304, 161, 107, 2, '', 1000, 0, 1000, 1000, 1000, 'Mamah', 1, '2013-07-25 17:56:30'),
(305, 161, 107, 2, '', 1000, 0, 1000, 1000, 1000, 'Mamah', 1, '2013-07-25 17:56:30'),
(306, 162, 109, 0, '', 3500, 0, 3500, 3300, 3000, 'Mamah', 1, '2013-07-25 17:57:08'),
(307, 162, 107, 1, '', 1000, 0, 1000, 1000, 1000, 'Mamah', 1, '2013-07-25 18:18:24'),
(308, 163, 10, 0, '', 24000, 50, 12000, 10000, 0, '', 1, '2013-07-25 18:31:13'),
(309, 164, 107, 0, '', 1000, 0, 1000, 1000, 1000, 'Mamah', 1, '2013-07-25 18:41:25'),
(310, 165, 107, 0, '', 1000, 0, 1000, 1000, 1000, 'Mamah', 1, '2013-07-25 19:13:44'),
(311, 166, 1, 0, '', 10000, 30, 7000, 3000, 0, '', 1, '2013-07-25 19:39:58'),
(312, 166, 128, 1, '', 7000, 0, 7000, 5000, 0, '', 1, '2013-07-25 19:39:59'),
(313, 167, 107, 0, '', 1000, 0, 1000, 1000, 1000, 'Mamah', 1, '2013-07-25 19:40:24'),
(314, 167, 107, 0, '', 1000, 0, 1000, 1000, 1000, 'Mamah', 1, '2013-07-25 19:40:25'),
(315, 168, 103, 0, '', 2500, 0, 2500, 2000, 1500, 'Mamah', 1, '2013-07-25 19:55:59'),
(316, 168, 103, 0, '', 2500, 0, 2500, 2000, 1500, 'Mamah', 1, '2013-07-25 19:55:59'),
(317, 169, 102, 0, '', 1000, 0, 1000, 800, 500, 'Mamah', 1, '2013-07-25 19:57:53'),
(318, 170, 103, 0, '', 2500, 0, 2500, 2000, 1500, 'Mamah', 1, '2013-07-25 20:07:19'),
(319, 171, 109, 0, '', 3500, 0, 3500, 3300, 3000, 'Mamah', 1, '2013-07-25 20:09:47'),
(320, 171, 107, 1, '', 1000, 0, 1000, 1000, 1000, 'Mamah', 1, '2013-07-25 20:09:47'),
(321, 172, 107, 0, '', 1000, 0, 1000, 1000, 1000, 'Mamah', 1, '2013-07-25 20:13:31'),
(322, 173, 133, 0, '', 7000, 14, 6000, 6000, 0, '', 1, '2013-07-26 17:54:03'),
(323, 174, 106, 0, '', 2500, 0, 2500, 2300, 2000, 'Mamah', 1, '2013-07-26 17:54:39'),
(324, 174, 106, 0, '', 2500, 0, 2500, 2300, 2000, 'Mamah', 1, '2013-07-26 17:54:39'),
(325, 174, 107, 1, '', 1000, 0, 1000, 1000, 1000, 'Mamah', 1, '2013-07-26 17:54:40'),
(326, 175, 110, 0, '', 5000, 0, 5000, 4700, 4200, 'Mamah', 1, '2013-07-26 17:56:10'),
(327, 175, 102, 1, '', 1000, 0, 1000, 800, 500, 'Mamah', 1, '2013-07-26 17:56:10'),
(328, 175, 108, 2, '', 6000, 0, 6000, 5800, 5500, 'Mamah', 1, '2013-07-26 17:56:12'),
(329, 175, 109, 3, '', 3500, 0, 3500, 3300, 3000, 'Mamah', 1, '2013-07-26 17:56:11'),
(330, 175, 107, 4, '', 1000, 0, 1000, 1000, 1000, 'Mamah', 1, '2013-07-26 17:56:12'),
(331, 175, 107, 4, '', 1000, 0, 1000, 1000, 1000, 'Mamah', 1, '2013-07-26 17:56:13'),
(332, 175, 138, 5, '', 1000, 0, 1000, 1000, 1000, 'Mamah', 1, '2013-07-26 17:56:13'),
(333, 175, 103, 6, '', 2500, 0, 2500, 2000, 1500, 'Mamah', 1, '2013-07-26 17:56:14'),
(334, 176, 110, 0, '', 5000, 0, 5000, 4700, 4200, 'Mamah', 1, '2013-07-26 18:02:36'),
(335, 177, 107, 0, '', 1000, 0, 1000, 1000, 1000, 'Mamah', 1, '2013-07-26 18:27:41'),
(336, 178, 107, 0, '', 1000, 0, 1000, 1000, 1000, 'Mamah', 1, '2013-07-26 18:30:39'),
(337, 178, 107, 0, '', 1000, 0, 1000, 1000, 1000, 'Mamah', 1, '2013-07-26 18:30:40'),
(338, 179, 25, 0, '', 27000, 30, 18900, 13000, 0, '', 1, '2013-07-26 18:40:35'),
(339, 180, 107, 0, '', 1000, 0, 1000, 1000, 1000, 'Mamah', 1, '2013-07-26 18:40:59'),
(340, 180, 107, 0, '', 1000, 0, 1000, 1000, 1000, 'Mamah', 1, '2013-07-26 18:41:00'),
(341, 180, 107, 0, '', 1000, 0, 1000, 1000, 1000, 'Mamah', 1, '2013-07-26 18:41:01'),
(342, 180, 107, 0, '', 1000, 0, 1000, 1000, 1000, 'Mamah', 1, '2013-07-26 18:41:01'),
(343, 181, 103, 0, '', 2500, 0, 2500, 2000, 1500, 'Mamah', 1, '2013-07-26 18:49:36'),
(344, 182, 102, 0, '', 1000, 0, 1000, 800, 500, 'Mamah', 1, '2013-07-26 18:49:37'),
(345, 183, 107, 0, '', 1000, 0, 1000, 1000, 1000, 'Mamah', 1, '2013-07-26 19:07:12'),
(346, 184, 108, 0, '', 6000, 0, 6000, 5800, 5500, 'Mamah', 1, '2013-07-26 19:34:23'),
(347, 185, 44, 0, '', 21000, 42, 12000, 10000, 0, '', 1, '2013-07-26 20:14:57'),
(348, 186, 132, 0, '', 8000, 0, 8000, 7000, 0, '', 1, '2013-07-26 20:14:59'),
(350, 188, 109, 0, '', 3500, 0, 3500, 3300, 3000, 'Mamah', 1, '2013-07-26 20:38:46'),
(351, 189, 105, 0, '', 7000, 0, 7000, 6500, 5000, 'Mamah', 1, '2013-07-26 20:44:29'),
(352, 190, 107, 0, '', 1000, 0, 1000, 1000, 1000, 'Mamah', 1, '2013-07-26 21:53:37'),
(355, 192, 104, 0, '', 2000, 0, 2000, 1600, 1200, 'Mamah', 1, '2013-07-26 20:56:16'),
(356, 193, 115, 0, '', 5000, 0, 5000, 4000, 0, '', 1, '2013-07-26 21:14:42'),
(357, 193, 114, 1, '', 7000, 0, 7000, 5000, 0, '', 1, '2013-07-26 21:14:43'),
(358, 193, 14, 2, '', 25000, 30, 17500, 11000, 0, '', 1, '2013-07-26 21:14:43'),
(359, 193, 22, 3, '', 26000, 30, 18200, 12000, 0, '', 1, '2013-07-26 21:14:51'),
(360, 193, 40, 4, '', 24000, 30, 16800, 6000, 0, '', 1, '2013-07-26 21:14:53'),
(361, 193, 132, 5, '', 8000, 0, 8000, 7000, 0, '', 1, '2013-07-26 21:43:32'),
(362, 194, 104, 0, '', 2000, 0, 2000, 1600, 1200, 'Mamah', 1, '2013-07-26 21:56:18'),
(363, 195, 25, 0, '', 0, 0, 0, 13000, 0, '', 1, '2013-07-26 22:04:48'),
(364, 196, 102, 0, '', 1000, 0, 1000, 800, 500, 'Mamah', 1, '2013-07-27 17:59:38'),
(365, 197, 107, 0, '', 1000, 0, 1000, 1000, 1000, 'Mamah', 1, '2013-07-27 17:59:39'),
(366, 197, 107, 0, '', 1000, 0, 1000, 1000, 1000, 'Mamah', 1, '2013-07-27 17:59:39'),
(367, 198, 107, 0, '', 1000, 0, 1000, 1000, 1000, 'Mamah', 1, '2013-07-27 17:59:40'),
(368, 198, 107, 0, '', 1000, 0, 1000, 1000, 1000, 'Mamah', 1, '2013-07-27 17:59:40'),
(369, 198, 107, 0, '', 1000, 0, 1000, 1000, 1000, 'Mamah', 1, '2013-07-27 17:59:41'),
(370, 198, 109, 1, '', 3500, 0, 3500, 3300, 3000, 'Mamah', 1, '2013-07-27 17:59:41'),
(371, 199, 35, 0, '', 38000, 42, 22000, 19000, 0, '', 1, '2013-07-27 18:23:53'),
(372, 199, 40, 1, '', 24000, 58, 10000, 6000, 0, '', 1, '2013-07-27 18:23:54'),
(373, 200, 4, 0, '', 0, 0, 0, 7000, 0, '', 1, '2013-07-27 18:40:53'),
(376, 203, 110, 0, '', 5000, 0, 5000, 4700, 4200, 'Mamah', 1, '2013-07-27 19:03:20'),
(377, 204, 106, 0, '', 2500, -20, 3000, 2300, 2000, 'Mamah', 1, '2013-07-27 19:14:05'),
(378, 204, 106, 0, '', 2500, -20, 3000, 2300, 2000, 'Mamah', 1, '2013-07-27 19:14:05'),
(379, 204, 106, 0, '', 2500, -20, 3000, 2300, 2000, 'Mamah', 1, '2013-07-27 19:14:06'),
(380, 204, 107, 1, '', 1000, 0, 1000, 1000, 1000, 'Mamah', 1, '2013-07-27 19:14:06'),
(381, 204, 107, 1, '', 1000, 0, 1000, 1000, 1000, 'Mamah', 1, '2013-07-27 19:14:06'),
(382, 204, 110, 2, '', 5000, 0, 5000, 4700, 4200, 'Mamah', 1, '2013-07-27 19:14:07'),
(383, 204, 104, 3, '', 2000, 0, 2000, 1600, 1200, 'Mamah', 1, '2013-07-27 19:14:07'),
(384, 204, 138, 4, '', 1000, 0, 1000, 1000, 1000, 'Mamah', 1, '2013-07-27 19:14:08'),
(385, 205, 108, 0, '', 6000, 0, 6000, 5800, 5500, 'Mamah', 1, '2013-07-27 19:28:22'),
(386, 206, 18, 0, '', 21000, 50, 10500, 10000, 0, '', 1, '2013-07-27 19:34:17'),
(387, 206, 40, 1, '', 24000, 50, 12000, 6000, 0, '', 1, '2013-07-27 19:52:35'),
(388, 207, 28, 0, '', 30000, 50, 15000, 15000, 0, '', 1, '2013-07-27 19:34:16'),
(389, 207, 39, 1, '', 24000, 50, 12000, 8000, 0, '', 1, '2013-07-27 19:52:34'),
(390, 208, 107, 0, '', 1000, 0, 1000, 1000, 1000, 'Mamah', 1, '2013-07-27 19:52:36'),
(391, 209, 106, 0, '', 2500, 0, 2500, 2300, 2000, 'Mamah', 1, '2013-07-27 20:32:34'),
(392, 210, 106, 0, '', 2500, 0, 2500, 2300, 2000, 'Mamah', 1, '2013-07-27 20:32:34'),
(393, 211, 108, 0, '', 6000, 0, 6000, 5800, 5500, 'Mamah', 1, '2013-07-27 20:32:35'),
(394, 212, 107, 0, '', 1000, 0, 1000, 1000, 1000, 'Mamah', 1, '2013-07-27 20:48:14'),
(395, 212, 107, 0, '', 1000, 0, 1000, 1000, 1000, 'Mamah', 1, '2013-07-27 20:48:14'),
(396, 212, 107, 0, '', 1000, 0, 1000, 1000, 1000, 'Mamah', 1, '2013-07-27 20:48:15'),
(397, 213, 138, 0, '', 1000, 0, 1000, 1000, 1000, 'Mamah', 1, '2013-07-27 20:48:15'),
(398, 213, 138, 0, '', 1000, 0, 1000, 1000, 1000, 'Mamah', 1, '2013-07-27 20:48:15'),
(399, 214, 102, 0, '', 1000, 0, 1000, 800, 500, 'Mamah', 1, '2013-07-27 21:09:00'),
(400, 215, 107, 0, '', 1000, 0, 1000, 1000, 1000, 'Mamah', 1, '2013-07-27 21:34:03'),
(401, 216, 103, 0, '', 2500, 0, 2500, 2000, 1500, 'Mamah', 1, '2013-07-28 17:15:31'),
(402, 216, 103, 0, '', 2500, 0, 2500, 2000, 1500, 'Mamah', 1, '2013-07-28 17:15:32'),
(403, 216, 103, 0, '', 2500, 0, 2500, 2000, 1500, 'Mamah', 1, '2013-07-28 17:15:32'),
(404, 216, 103, 0, '', 2500, 0, 2500, 2000, 1500, 'Mamah', 1, '2013-07-28 17:15:33'),
(405, 216, 103, 0, '', 2500, 0, 2500, 2000, 1500, 'Mamah', 1, '2013-07-28 17:15:34'),
(406, 216, 103, 0, '', 2500, 0, 2500, 2000, 1500, 'Mamah', 1, '2013-07-28 17:15:34'),
(407, 216, 103, 0, '', 2500, 0, 2500, 2000, 1500, 'Mamah', 1, '2013-07-28 17:15:34'),
(408, 216, 106, 1, '', 2500, 0, 2500, 2300, 2000, 'Mamah', 1, '2013-07-28 17:15:34'),
(409, 216, 106, 1, '', 2500, 0, 2500, 2300, 2000, 'Mamah', 1, '2013-07-28 17:15:35'),
(410, 216, 106, 1, '', 2500, 0, 2500, 2300, 2000, 'Mamah', 1, '2013-07-28 17:15:35'),
(411, 216, 106, 1, '', 2500, 0, 2500, 2300, 2000, 'Mamah', 1, '2013-07-28 17:15:36'),
(412, 216, 106, 1, '', 2500, 0, 2500, 2300, 2000, 'Mamah', 1, '2013-07-28 17:15:38'),
(413, 216, 102, 2, '', 1000, 0, 1000, 800, 500, 'Mamah', 1, '2013-07-28 17:15:38'),
(414, 216, 102, 2, '', 1000, 0, 1000, 800, 500, 'Mamah', 1, '2013-07-28 17:15:38'),
(415, 216, 102, 2, '', 1000, 0, 1000, 800, 500, 'Mamah', 1, '2013-07-28 17:15:39'),
(416, 216, 102, 2, '', 1000, 0, 1000, 800, 500, 'Mamah', 1, '2013-07-28 17:15:39'),
(417, 216, 102, 2, '', 1000, 0, 1000, 800, 500, 'Mamah', 1, '2013-07-28 17:15:40'),
(418, 216, 107, 3, '', 1000, 0, 1000, 1000, 1000, 'Mamah', 1, '2013-07-28 17:15:40'),
(419, 216, 107, 3, '', 1000, 0, 1000, 1000, 1000, 'Mamah', 1, '2013-07-28 17:15:41'),
(420, 216, 109, 4, '', 3500, 0, 3500, 3300, 3000, 'Mamah', 1, '2013-07-28 17:15:42'),
(421, 216, 109, 4, '', 3500, 0, 3500, 3300, 3000, 'Mamah', 1, '2013-07-28 17:15:42'),
(422, 216, 138, 5, '', 1000, 0, 1000, 1000, 1000, 'Mamah', 1, '2013-07-28 17:15:42'),
(423, 216, 138, 5, '', 1000, 0, 1000, 1000, 1000, 'Mamah', 1, '2013-07-28 17:15:43'),
(424, 216, 110, 6, '', 5000, 0, 5000, 4700, 4200, 'Mamah', 1, '2013-07-28 17:15:43'),
(425, 216, 108, 7, '', 6000, 0, 6000, 5800, 5500, 'Mamah', 1, '2013-07-28 17:15:44'),
(426, 216, 108, 7, '', 6000, 0, 6000, 5800, 5500, 'Mamah', 1, '2013-07-28 17:15:44'),
(428, 218, 102, 0, '', 1000, 0, 1000, 800, 500, 'Mamah', 1, '2013-07-28 17:47:03'),
(429, 218, 102, 0, '', 1000, 0, 1000, 800, 500, 'Mamah', 1, '2013-07-28 17:56:30'),
(430, 219, 107, 0, '', 1000, 0, 1000, 1000, 1000, 'Mamah', 1, '2013-07-28 17:56:31'),
(431, 219, 106, 1, '', 2500, 0, 2500, 2300, 2000, 'Mamah', 1, '2013-07-28 17:56:32'),
(432, 219, 106, 1, '', 2500, 0, 2500, 2300, 2000, 'Mamah', 1, '2013-07-28 17:56:32'),
(433, 220, 109, 0, '', 3500, 0, 3500, 3300, 3000, 'Mamah', 1, '2013-07-28 17:56:49'),
(434, 221, 106, 0, '', 2500, 0, 2500, 2300, 2000, 'Mamah', 1, '2013-07-28 18:56:04'),
(435, 222, 107, 0, '', 1000, 0, 1000, 1000, 1000, 'Mamah', 1, '2013-07-28 18:56:22'),
(436, 222, 107, 0, '', 1000, 0, 1000, 1000, 1000, 'Mamah', 1, '2013-07-28 18:56:23'),
(437, 222, 107, 0, '', 1000, 0, 1000, 1000, 1000, 'Mamah', 1, '2013-07-28 18:56:23'),
(438, 223, 107, 0, '', 1000, 0, 1000, 1000, 1000, 'Mamah', 1, '2013-07-28 19:05:25'),
(439, 224, 102, 0, '', 1000, 0, 1000, 800, 500, 'Mamah', 1, '2013-07-28 19:15:33'),
(440, 225, 115, 0, '', 5000, 0, 5000, 4000, 0, '', 1, '2013-07-28 19:24:21'),
(441, 225, 115, 0, '', 5000, 0, 5000, 4000, 0, '', 1, '2013-07-28 19:24:21'),
(442, 226, 133, 0, '', 7000, 0, 7000, 6000, 0, '', 1, '2013-07-28 19:32:07'),
(443, 226, 133, 0, '', 7000, 0, 7000, 6000, 0, '', 1, '2013-07-28 19:32:08'),
(444, 227, 103, 0, '', 2500, 0, 2500, 2000, 1500, 'Mamah', 1, '2013-07-28 19:41:35'),
(445, 228, 129, 0, 'ga pake kopi', 7000, 14, 6000, 5000, 0, '', 1, '2013-07-28 19:41:33'),
(446, 229, 116, 0, '', 7000, 0, 7000, 6000, 0, '', 1, '2013-07-28 20:05:57'),
(447, 230, 8, 0, '', 20000, 35, 13000, 8000, 0, '', 1, '2013-07-28 20:39:26'),
(448, 230, 40, 1, '', 24000, 40, 14400, 6000, 0, '', 1, '2013-07-28 20:44:34'),
(449, 230, 40, 1, '', 24000, 40, 14400, 6000, 0, '', 1, '2013-07-28 20:44:35'),
(450, 231, 102, 0, '', 1000, 0, 1000, 800, 500, 'Mamah', 1, '2013-07-29 16:38:12'),
(451, 231, 102, 0, '', 1000, 0, 1000, 800, 500, 'Mamah', 1, '2013-07-29 16:38:12'),
(452, 231, 107, 1, '', 1000, 0, 1000, 1000, 1000, 'Mamah', 1, '2013-07-29 16:38:12'),
(453, 231, 109, 2, '', 3500, 0, 3500, 3300, 3000, 'Mamah', 1, '2013-07-29 16:38:13'),
(455, 233, 122, 0, '', 8000, 0, 8000, 7000, 0, '', 1, '2013-07-29 16:50:23'),
(456, 233, 122, 0, '', 8000, 0, 8000, 7000, 0, '', 1, '2013-07-29 16:50:23'),
(457, 234, 18, 0, '', 21000, 50, 10500, 10000, 0, '', 1, '2013-07-29 16:50:24'),
(458, 235, 22, 0, '', 26000, 50, 13000, 12000, 0, '', 1, '2013-07-29 17:01:11'),
(459, 236, 35, 0, '', 38000, 50, 19000, 19000, 0, '', 1, '2013-07-29 17:03:30'),
(460, 237, 105, 0, '', 7000, 0, 7000, 6500, 5000, 'Mamah', 1, '2013-07-29 17:36:14'),
(461, 238, 106, 0, '', 2500, 0, 2500, 2300, 2000, 'Mamah', 1, '2013-07-29 17:49:56'),
(462, 238, 109, 1, '', 3500, 0, 3500, 3300, 3000, 'Mamah', 1, '2013-07-29 17:49:56'),
(463, 238, 107, 2, '', 1000, 0, 1000, 1000, 1000, 'Mamah', 1, '2013-07-29 17:49:56'),
(464, 238, 107, 2, '', 1000, 0, 1000, 1000, 1000, 'Mamah', 1, '2013-07-29 17:49:57'),
(465, 238, 107, 2, '', 1000, 0, 1000, 1000, 1000, 'Mamah', 1, '2013-07-29 17:49:57'),
(466, 239, 107, 0, '', 1000, 0, 1000, 1000, 1000, 'Mamah', 1, '2013-07-29 17:50:09'),
(467, 239, 107, 0, '', 1000, 0, 1000, 1000, 1000, 'Mamah', 1, '2013-07-29 17:50:09'),
(468, 240, 107, 0, '', 1000, 0, 1000, 1000, 1000, 'Mamah', 1, '2013-07-29 18:03:36'),
(469, 240, 107, 0, '', 1000, 0, 1000, 1000, 1000, 'Mamah', 1, '2013-07-29 18:03:36'),
(470, 242, 137, 0, '', 0, 0, 0, 2000, 0, '', 1, '2013-07-29 18:15:38'),
(471, 243, 40, 0, '', 24000, 50, 12000, 6000, 0, '', 1, '2013-07-29 18:15:38'),
(472, 243, 35, 1, '', 38000, 50, 19000, 19000, 0, '', 1, '2013-07-29 18:11:26'),
(473, 244, 102, 0, '', 1000, 0, 1000, 800, 500, 'Mamah', 1, '2013-07-29 18:25:08'),
(474, 244, 102, 0, '', 1000, 0, 1000, 800, 500, 'Mamah', 1, '2013-07-29 18:25:08'),
(475, 245, 108, 0, '', 6000, 0, 6000, 5800, 5500, 'Mamah', 1, '2013-07-29 19:09:55'),
(476, 245, 106, 1, '', 2500, 0, 2500, 2300, 2000, 'Mamah', 1, '2013-07-29 19:09:55'),
(477, 246, 106, 0, '', 2500, 0, 2500, 2300, 2000, 'Mamah', 1, '2013-07-29 19:09:56'),
(478, 246, 107, 1, '', 1000, 0, 1000, 1000, 1000, 'Mamah', 1, '2013-07-29 19:09:56'),
(479, 247, 107, 0, '', 1000, 0, 1000, 1000, 1000, 'Mamah', 1, '2013-07-29 19:23:50'),
(480, 247, 107, 0, '', 1000, 0, 1000, 1000, 1000, 'Mamah', 1, '2013-07-29 19:23:50'),
(481, 248, 133, 0, '', 7000, 0, 7000, 6000, 0, '', 1, '2013-07-29 19:30:47'),
(482, 249, 127, 0, '', 5000, 0, 5000, 3000, 0, '', 1, '2013-07-29 19:31:44'),
(483, 250, 128, 0, '', 7000, 0, 7000, 5000, 0, '', 1, '2013-07-29 19:35:17'),
(484, 251, 129, 0, '', 7000, 0, 7000, 5000, 0, '', 1, '2013-07-29 19:35:18'),
(485, 252, 110, 0, '', 5000, 0, 5000, 4700, 4200, 'Mamah', 1, '2013-07-29 20:22:47'),
(486, 253, 107, 0, '', 1000, 0, 1000, 1000, 1000, 'Mamah', 1, '2013-07-29 20:22:48'),
(487, 254, 106, 0, '', 2500, 0, 2500, 2300, 2000, 'Mamah', 1, '2013-07-29 20:22:49'),
(488, 255, 109, 0, '', 3500, 0, 3500, 3300, 3000, 'Mamah', 1, '2013-07-29 20:31:48'),
(489, 255, 109, 0, '', 3500, 0, 3500, 3300, 3000, 'Mamah', 1, '2013-07-29 20:31:49'),
(490, 255, 109, 0, '', 3500, 0, 3500, 3300, 3000, 'Mamah', 1, '2013-07-29 20:31:49'),
(491, 256, 107, 0, '', 1000, 0, 1000, 1000, 1000, 'Mamah', 1, '2013-07-29 21:43:31'),
(492, 257, 43, 0, '', 25000, 44, 14000, 12000, 0, '', 1, '2013-07-29 21:43:35'),
(493, 257, 41, 1, '', 22000, 45, 12000, 10000, 0, '', 1, '2013-07-29 21:43:36'),
(494, 258, 24, 0, '', 0, 0, 0, 13000, 0, '', 1, '2013-07-29 21:51:00'),
(495, 259, 102, 0, '', 1000, 0, 1000, 800, 500, 'Mamah', 1, '2013-07-30 17:15:09'),
(496, 259, 138, 1, '', 1000, 0, 1000, 1000, 1000, 'Mamah', 1, '2013-07-30 17:15:10'),
(497, 259, 106, 2, '', 2500, 0, 2500, 2300, 2000, 'Mamah', 1, '2013-07-30 17:15:12'),
(498, 259, 109, 3, '', 3500, 0, 3500, 3300, 3000, 'Mamah', 1, '2013-07-30 17:15:11'),
(499, 260, 106, 0, '', 2500, 0, 2500, 2300, 2000, 'Mamah', 1, '2013-07-30 17:49:43'),
(500, 261, 107, 0, '', 1000, 0, 1000, 1000, 1000, 'Mamah', 1, '2013-07-30 17:53:45'),
(501, 262, 106, 0, '', 2500, 0, 2500, 2300, 2000, 'Mamah', 1, '2013-07-30 17:55:51'),
(502, 262, 107, 1, '', 1000, 0, 1000, 1000, 1000, 'Mamah', 1, '2013-07-30 17:55:50'),
(503, 263, 107, 0, '', 1000, 0, 1000, 1000, 1000, 'Mamah', 1, '2013-07-30 18:14:02'),
(504, 264, 107, 0, '', 1000, 0, 1000, 1000, 1000, 'Mamah', 1, '2013-07-30 18:22:50'),
(505, 265, 107, 0, '', 1000, 0, 1000, 1000, 1000, 'Mamah', 1, '2013-07-30 18:25:01'),
(506, 266, 133, 0, '', 7000, 0, 7000, 6000, 0, '', 1, '2013-07-30 19:00:26'),
(507, 266, 133, 0, '', 7000, 0, 7000, 6000, 0, '', 1, '2013-07-30 19:00:26'),
(508, 267, 1, 0, '', 10000, 30, 7000, 3000, 0, '', 1, '2013-07-30 19:14:25'),
(509, 267, 122, 1, '', 8000, 0, 8000, 7000, 0, '', 1, '2013-07-30 19:14:26'),
(510, 268, 36, 0, 'ga pake kopi', 20000, 40, 12000, 6000, 0, '', 1, '2013-07-30 20:31:19'),
(511, 269, 138, 0, '', 1000, 0, 1000, 1000, 1000, 'Mamah', 1, '2013-07-30 20:43:28'),
(512, 269, 138, 0, '', 1000, 0, 1000, 1000, 1000, 'Mamah', 1, '2013-07-30 20:43:29'),
(513, 270, 138, 0, '', 1000, 0, 1000, 1000, 1000, 'Mamah', 1, '2013-07-30 20:59:26'),
(514, 271, 115, 0, '', 5000, 0, 5000, 4000, 0, '', 1, '2013-07-30 21:26:07'),
(515, 272, 25, 0, '', 0, 0, 0, 13000, 0, '', 1, '2013-07-30 21:46:49'),
(516, 273, 115, 0, '', 5000, 0, 5000, 4000, 0, '', 1, '2013-07-30 22:06:24'),
(517, 274, 107, 0, '', 1000, 0, 1000, 1000, 1000, 'Mamah', 1, '2013-07-31 17:29:37'),
(518, 274, 107, 0, '', 1000, 0, 1000, 1000, 1000, 'Mamah', 1, '2013-07-31 17:29:37'),
(519, 275, 106, 0, '', 2500, 0, 2500, 2300, 2000, 'Mamah', 1, '2013-07-31 18:05:33'),
(520, 275, 106, 0, '', 2500, 0, 2500, 2300, 2000, 'Mamah', 1, '2013-07-31 18:05:33'),
(521, 275, 106, 0, '', 2500, 0, 2500, 2300, 2000, 'Mamah', 1, '2013-07-31 18:05:34'),
(522, 275, 106, 0, '', 2500, 0, 2500, 2300, 2000, 'Mamah', 1, '2013-07-31 18:05:36'),
(523, 275, 110, 1, '', 5000, 0, 5000, 4700, 4200, 'Mamah', 1, '2013-07-31 18:05:36'),
(524, 275, 102, 2, '', 1000, 0, 1000, 800, 500, 'Mamah', 1, '2013-07-31 18:05:37'),
(525, 275, 102, 2, '', 1000, 0, 1000, 800, 500, 'Mamah', 1, '2013-07-31 18:05:37'),
(526, 275, 102, 2, '', 1000, 0, 1000, 800, 500, 'Mamah', 1, '2013-07-31 18:05:37'),
(527, 275, 102, 2, '', 1000, 0, 1000, 800, 500, 'Mamah', 1, '2013-07-31 18:05:38'),
(528, 275, 107, 3, '', 1000, 0, 1000, 1000, 1000, 'Mamah', 1, '2013-07-31 18:05:35'),
(529, 275, 107, 3, '', 1000, 0, 1000, 1000, 1000, 'Mamah', 1, '2013-07-31 18:05:38'),
(530, 275, 107, 3, '', 1000, 0, 1000, 1000, 1000, 'Mamah', 1, '2013-07-31 18:05:38'),
(531, 275, 109, 4, '', 3500, 0, 3500, 3300, 3000, 'Mamah', 1, '2013-07-31 18:05:39'),
(532, 275, 109, 4, '', 3500, 0, 3500, 3300, 3000, 'Mamah', 1, '2013-07-31 18:05:39'),
(533, 275, 103, 5, '', 2500, 0, 2500, 2000, 1500, 'Mamah', 1, '2013-07-31 18:05:39'),
(534, 276, 106, 0, '', 2500, 0, 2500, 2300, 2000, 'Mamah', 1, '2013-07-31 17:34:04'),
(535, 276, 106, 0, '', 2500, 0, 2500, 2300, 2000, 'Mamah', 1, '2013-07-31 17:34:04'),
(536, 277, 109, 0, '', 3500, 0, 3500, 3300, 3000, 'Mamah', 1, '2013-07-31 18:08:39'),
(537, 277, 138, 1, '', 1000, 0, 1000, 1000, 1000, 'Mamah', 1, '2013-07-31 18:08:40'),
(538, 277, 107, 2, '', 1000, 0, 1000, 1000, 1000, 'Mamah', 1, '2013-07-31 18:08:40'),
(539, 277, 107, 2, '', 1000, 0, 1000, 1000, 1000, 'Mamah', 1, '2013-07-31 18:08:40'),
(540, 277, 107, 2, '', 1000, 0, 1000, 1000, 1000, 'Mamah', 1, '2013-07-31 18:08:41'),
(541, 278, 6, 0, '', 22000, 40, 13000, 9000, 0, '', 1, '2013-07-31 18:05:43'),
(542, 278, 6, 0, '', 22000, 40, 13000, 9000, 0, '', 1, '2013-07-31 18:05:43'),
(543, 279, 107, 0, '', 1000, 0, 1000, 1000, 1000, 'Mamah', 1, '2013-07-31 18:25:45'),
(544, 280, 107, 0, '', 1000, 0, 1000, 1000, 1000, 'Mamah', 1, '2013-07-31 18:40:46'),
(545, 280, 107, 0, '', 1000, 0, 1000, 1000, 1000, 'Mamah', 1, '2013-07-31 18:40:47'),
(546, 280, 107, 0, '', 1000, 0, 1000, 1000, 1000, 'Mamah', 1, '2013-07-31 18:40:50'),
(547, 280, 107, 0, '', 1000, 0, 1000, 1000, 1000, 'Mamah', 1, '2013-07-31 18:40:50'),
(549, 282, 106, 0, '', 2500, 0, 2500, 2300, 2000, 'Mamah', 1, '2013-07-31 20:04:36'),
(550, 283, 109, 0, '', 3500, 0, 3500, 3300, 3000, 'Mamah', 1, '2013-07-31 20:04:37'),
(551, 284, 107, 0, '', 1000, 0, 1000, 1000, 1000, 'Mamah', 1, '2013-07-31 20:10:03'),
(552, 285, 22, 0, '', 0, 0, 0, 12000, 0, '', 1, '2013-07-31 22:01:04'),
(553, 286, 106, 0, '', 2500, 0, 2500, 2300, 2000, 'Mamah', 1, '2013-08-01 17:20:50'),
(554, 286, 106, 0, '', 2500, 0, 2500, 2300, 2000, 'Mamah', 1, '2013-08-01 17:20:50'),
(555, 286, 106, 0, '', 2500, 0, 2500, 2300, 2000, 'Mamah', 1, '2013-08-01 17:20:50'),
(556, 286, 106, 0, '', 2500, 0, 2500, 2300, 2000, 'Mamah', 1, '2013-08-01 17:20:50'),
(557, 286, 107, 1, '', 1000, 0, 1000, 1000, 1000, 'Mamah', 1, '2013-08-01 17:20:43'),
(558, 286, 107, 1, '', 1000, 0, 1000, 1000, 1000, 'Mamah', 1, '2013-08-01 17:20:51'),
(559, 286, 107, 1, '', 1000, 0, 1000, 1000, 1000, 'Mamah', 1, '2013-08-01 17:20:51'),
(560, 286, 109, 2, '', 3500, 0, 3500, 3300, 3000, 'Mamah', 1, '2013-08-01 17:20:52'),
(561, 286, 102, 3, '', 1000, 0, 1000, 800, 500, 'Mamah', 1, '2013-08-01 17:20:52'),
(562, 287, 106, 0, '', 2500, 0, 2500, 2300, 2000, 'Mamah', 1, '2013-08-01 17:34:15'),
(563, 287, 106, 0, '', 2500, 0, 2500, 2300, 2000, 'Mamah', 1, '2013-08-01 17:34:16'),
(564, 288, 104, 0, '', 2000, 0, 2000, 1600, 1200, 'Mamah', 1, '2013-08-01 17:44:08'),
(565, 289, 138, 0, '', 1000, 0, 1000, 1000, 1000, 'Mamah', 1, '2013-08-01 17:55:06'),
(566, 290, 109, 0, '', 3500, 0, 3500, 3300, 3000, 'Mamah', 1, '2013-08-01 17:57:50'),
(567, 290, 107, 1, '', 1000, 0, 1000, 1000, 1000, 'Mamah', 1, '2013-08-01 17:57:49'),
(568, 291, 138, 0, '', 1000, 0, 1000, 1000, 1000, 'Mamah', 1, '2013-08-01 18:14:40'),
(569, 291, 138, 0, '', 1000, 0, 1000, 1000, 1000, 'Mamah', 1, '2013-08-01 18:14:41'),
(570, 292, 138, 0, '', 1000, 0, 1000, 1000, 1000, 'Mamah', 1, '2013-08-01 18:21:29'),
(571, 293, 107, 0, '', 1000, 0, 1000, 1000, 1000, 'Mamah', 1, '2013-08-01 18:26:45'),
(572, 294, 107, 0, '', 1000, 0, 1000, 1000, 1000, 'Mamah', 1, '2013-08-01 18:31:15'),
(573, 295, 107, 0, '', 1000, 0, 1000, 1000, 1000, 'Mamah', 1, '2013-08-01 18:52:11'),
(574, 296, 107, 0, '', 1000, 0, 1000, 1000, 1000, 'Mamah', 1, '2013-08-01 18:56:35'),
(575, 296, 107, 0, '', 1000, 0, 1000, 1000, 1000, 'Mamah', 1, '2013-08-01 18:56:35'),
(576, 297, 107, 0, '', 1000, 0, 1000, 1000, 1000, 'Mamah', 1, '2013-08-01 18:57:04'),
(577, 297, 107, 0, '', 1000, 0, 1000, 1000, 1000, 'Mamah', 1, '2013-08-01 18:57:05'),
(578, 298, 108, 0, '', 6000, 0, 6000, 5800, 5500, 'Mamah', 1, '2013-08-01 21:03:20'),
(579, 298, 109, 1, '', 3500, 0, 3500, 3300, 3000, 'Mamah', 1, '2013-08-01 21:03:20'),
(580, 298, 109, 1, '', 3500, 0, 3500, 3300, 3000, 'Mamah', 1, '2013-08-01 21:03:21'),
(581, 299, 138, 0, '', 1000, 0, 1000, 1000, 1000, 'Mamah', 1, '2013-08-01 21:06:01'),
(582, 300, 138, 0, '', 1000, 0, 1000, 1000, 900, 'Mamah', 1, '2013-08-02 17:57:08'),
(583, 300, 107, 1, '', 1000, 0, 1000, 1000, 900, 'Mamah', 1, '2013-08-02 17:57:07'),
(584, 301, 107, 0, '', 1000, 0, 1000, 1000, 900, 'Mamah', 1, '2013-08-02 18:04:07'),
(585, 302, 109, 0, '', 3500, 0, 3500, 3300, 3000, 'Mamah', 1, '2013-08-02 18:05:31'),
(586, 302, 107, 1, '', 1000, 0, 1000, 1000, 900, 'Mamah', 1, '2013-08-02 18:05:32'),
(587, 302, 107, 1, '', 1000, 0, 1000, 1000, 900, 'Mamah', 1, '2013-08-02 18:05:33'),
(588, 302, 107, 1, '', 1000, 0, 1000, 1000, 900, 'Mamah', 1, '2013-08-02 18:05:33'),
(589, 302, 107, 1, '', 1000, 0, 1000, 1000, 900, 'Mamah', 1, '2013-08-02 18:05:33'),
(590, 302, 102, 2, '', 1000, 0, 1000, 800, 500, 'Mamah', 1, '2013-08-02 18:05:34'),
(591, 302, 106, 3, '', 2500, 0, 2500, 2300, 2000, 'Mamah', 1, '2013-08-02 18:05:34'),
(592, 302, 106, 3, '', 2500, 0, 2500, 2300, 2000, 'Mamah', 1, '2013-08-02 18:05:35'),
(593, 303, 109, 0, '', 3500, 0, 3500, 3300, 3000, 'Mamah', 1, '2013-08-02 18:05:29'),
(594, 304, 108, 0, '', 6000, 0, 6000, 5800, 5500, 'Mamah', 1, '2013-08-02 18:16:54'),
(595, 305, 107, 0, '', 1000, 0, 1000, 1000, 900, 'Mamah', 1, '2013-08-02 18:43:11'),
(596, 306, 107, 0, '', 1000, 0, 1000, 1000, 900, 'Mamah', 1, '2013-08-02 19:37:05'),
(597, 307, 138, 0, '', 1000, 0, 1000, 1000, 900, 'Mamah', 1, '2013-08-02 19:37:04'),
(601, 309, 107, 0, '', 1000, 0, 1000, 1000, 900, 'Mamah', 1, '2013-08-02 19:40:34'),
(602, 309, 107, 0, '', 1000, 0, 1000, 1000, 900, 'Mamah', 1, '2013-08-02 19:40:35'),
(603, 309, 107, 0, '', 1000, 0, 1000, 1000, 900, 'Mamah', 1, '2013-08-02 19:40:36'),
(604, 309, 107, 0, '', 1000, 0, 1000, 1000, 900, 'Mamah', 1, '2013-08-02 19:40:37'),
(605, 310, 107, 0, '', 1000, 0, 1000, 1000, 900, 'Mamah', 1, '2013-08-02 19:41:46'),
(606, 311, 103, 0, '', 2500, 0, 2500, 2000, 1500, 'Mamah', 1, '2013-08-02 20:16:45'),
(607, 312, 138, 0, '', 1000, 0, 1000, 1000, 900, 'Mamah', 1, '2013-08-02 20:16:45'),
(608, 312, 104, 1, '', 2000, 0, 2000, 1600, 1200, 'Mamah', 1, '2013-08-02 20:16:48'),
(609, 313, 110, 0, '', 5000, 0, 5000, 4700, 4200, 'Mamah', 1, '2013-08-02 20:17:16'),
(610, 314, 22, 0, '', 26000, 50, 13000, 12000, 0, '', 1, '2013-08-02 20:24:31'),
(611, 315, 106, 0, '', 2500, 0, 2500, 2300, 2000, 'Mamah', 1, '2013-08-02 20:27:25'),
(612, 316, 107, 0, '', 1000, 0, 1000, 1000, 900, 'Mamah', 1, '2013-08-02 20:32:24'),
(613, 317, 106, 0, '', 2500, 0, 2500, 2300, 2000, 'Mamah', 1, '2013-08-02 20:33:48'),
(614, 318, 107, 0, '', 1000, 0, 1000, 1000, 900, 'Mamah', 1, '2013-08-02 20:36:26'),
(615, 318, 107, 0, '', 1000, 0, 1000, 1000, 900, 'Mamah', 1, '2013-08-02 20:36:26'),
(616, 319, 107, 0, '', 1000, 0, 1000, 1000, 900, 'Mamah', 1, '2013-08-02 20:42:50'),
(617, 320, 107, 0, '', 1000, 0, 1000, 1000, 900, 'Mamah', 1, '2013-08-02 21:24:18'),
(618, 321, 106, 0, '', 2500, 0, 2500, 2300, 2000, 'Mamah', 1, '2013-08-03 17:53:36'),
(619, 321, 106, 0, '', 2500, 0, 2500, 2300, 2000, 'Mamah', 1, '2013-08-03 17:53:37'),
(620, 321, 108, 1, '', 6000, 0, 6000, 5800, 5500, 'Mamah', 1, '2013-08-03 17:53:36'),
(621, 321, 108, 1, '', 6000, 0, 6000, 5800, 5500, 'Mamah', 1, '2013-08-03 17:53:37'),
(622, 321, 108, 1, '', 6000, 0, 6000, 5800, 5500, 'Mamah', 1, '2013-08-03 17:53:38'),
(623, 321, 138, 2, '', 1000, 0, 1000, 1000, 900, 'Mamah', 1, '2013-08-03 17:53:38'),
(624, 321, 138, 2, '', 1000, 0, 1000, 1000, 900, 'Mamah', 1, '2013-08-03 17:53:38'),
(625, 321, 103, 3, '', 2500, -20, 3000, 2000, 1500, 'Mamah', 1, '2013-08-03 17:53:39'),
(626, 321, 109, 4, '', 3500, 0, 3500, 3300, 3000, 'Mamah', 1, '2013-08-03 17:53:39'),
(627, 321, 109, 4, '', 3500, 0, 3500, 3300, 3000, 'Mamah', 1, '2013-08-03 17:53:40'),
(628, 321, 107, 5, '', 1000, 0, 1000, 1000, 900, 'Mamah', 1, '2013-08-03 17:53:40'),
(629, 321, 107, 5, '', 1000, 0, 1000, 1000, 900, 'Mamah', 1, '2013-08-03 17:53:41'),
(630, 321, 107, 5, '', 1000, 0, 1000, 1000, 900, 'Mamah', 1, '2013-08-03 17:53:41'),
(631, 321, 107, 5, '', 1000, 0, 1000, 1000, 900, 'Mamah', 1, '2013-08-03 17:53:42'),
(632, 321, 107, 5, '', 1000, 0, 1000, 1000, 900, 'Mamah', 1, '2013-08-03 17:53:42'),
(633, 322, 108, 0, '', 6000, 0, 6000, 5800, 5500, 'Mamah', 1, '2013-08-03 18:04:43'),
(634, 323, 138, 0, '', 1000, 0, 1000, 1000, 900, 'Mamah', 1, '2013-08-03 18:05:05'),
(635, 323, 138, 0, '', 1000, 0, 1000, 1000, 900, 'Mamah', 1, '2013-08-03 18:05:06'),
(636, 323, 109, 1, '', 3500, 0, 3500, 3300, 3000, 'Mamah', 1, '2013-08-03 18:05:06'),
(637, 323, 107, 2, '', 1000, 0, 1000, 1000, 900, 'Mamah', 1, '2013-08-03 18:05:07'),
(638, 324, 107, 0, '', 1000, 0, 1000, 1000, 900, 'Mamah', 1, '2013-08-03 18:21:07'),
(639, 325, 107, 0, '', 1000, 0, 1000, 1000, 900, 'Mamah', 1, '2013-08-03 18:21:08'),
(640, 326, 110, 0, '', 5000, 0, 5000, 4700, 4200, 'Mamah', 1, '2013-08-03 18:25:39'),
(641, 327, 107, 0, '', 1000, 0, 1000, 1000, 900, 'Mamah', 1, '2013-08-03 18:35:55'),
(642, 327, 107, 0, '', 1000, 0, 1000, 1000, 900, 'Mamah', 1, '2013-08-03 18:35:56'),
(643, 328, 107, 0, '', 1000, 0, 1000, 1000, 900, 'Mamah', 1, '2013-08-03 18:43:12'),
(644, 328, 107, 0, '', 1000, 0, 1000, 1000, 900, 'Mamah', 1, '2013-08-03 18:43:12'),
(645, 329, 107, 0, '', 1000, 0, 1000, 1000, 900, 'Mamah', 1, '2013-08-03 18:47:57'),
(646, 330, 36, 0, 'ga pake espresso', 20000, 50, 10000, 6000, 0, '', 1, '2013-08-03 19:15:48'),
(647, 331, 107, 0, '', 1000, 0, 1000, 1000, 900, 'Mamah', 1, '2013-08-03 19:25:02'),
(648, 331, 104, 1, '', 2000, 0, 2000, 1600, 1200, 'Mamah', 1, '2013-08-03 19:25:03'),
(650, 333, 107, 0, '', 1000, 0, 1000, 1000, 900, 'Mamah', 1, '2013-08-03 20:09:28'),
(651, 333, 107, 0, '', 1000, 0, 1000, 1000, 900, 'Mamah', 1, '2013-08-03 20:09:28'),
(652, 334, 138, 0, '', 1000, 0, 1000, 1000, 900, 'Mamah', 1, '2013-08-03 20:31:46'),
(653, 334, 138, 0, '', 1000, 0, 1000, 1000, 900, 'Mamah', 1, '2013-08-03 20:31:46'),
(654, 334, 138, 0, '', 1000, 0, 1000, 1000, 900, 'Mamah', 1, '2013-08-03 20:31:46'),
(655, 334, 138, 0, '', 1000, 0, 1000, 1000, 900, 'Mamah', 1, '2013-08-03 20:31:45'),
(656, 334, 138, 0, '', 1000, 0, 1000, 1000, 900, 'Mamah', 1, '2013-08-03 20:31:45'),
(657, 334, 138, 0, '', 1000, 0, 1000, 1000, 900, 'Mamah', 1, '2013-08-03 20:31:44'),
(658, 334, 138, 0, '', 1000, 0, 1000, 1000, 900, 'Mamah', 1, '2013-08-03 20:31:44'),
(659, 335, 107, 0, '', 1000, 0, 1000, 1000, 900, 'Mamah', 1, '2013-08-03 20:31:43'),
(660, 336, 107, 0, '', 1000, 0, 1000, 1000, 900, 'Mamah', 1, '2013-08-03 20:51:42'),
(661, 336, 107, 0, '', 1000, 0, 1000, 1000, 900, 'Mamah', 1, '2013-08-03 20:51:42'),
(662, 337, 107, 0, '', 1000, 0, 1000, 1000, 900, 'Mamah', 1, '2013-08-03 20:54:44'),
(663, 338, 107, 0, '', 1000, 0, 1000, 1000, 900, 'Mamah', 1, '2013-08-03 21:31:34'),
(664, 339, 107, 0, '', 1000, 0, 1000, 1000, 900, 'Mamah', 1, '2013-08-03 21:31:33'),
(665, 340, 107, 0, '', 1000, 0, 1000, 1000, 900, 'Mamah', 1, '2013-08-03 21:38:27'),
(666, 341, 106, 0, '', 2500, 0, 2500, 2300, 2000, 'Mamah', 1, '2013-08-03 21:38:26'),
(667, 341, 103, 1, '', 2500, 0, 2500, 2000, 1500, 'Mamah', 1, '2013-08-03 21:38:26'),
(668, 342, 107, 0, '', 1000, 0, 1000, 1000, 900, 'Mamah', 1, '2013-08-03 21:42:14'),
(669, 343, 115, 0, '', 5000, 0, 5000, 4000, 0, '', 1, '2013-08-03 23:10:33');
INSERT INTO `t_order_menu` (`id`, `id_order`, `id_menu`, `menu_sequence`, `keterangan`, `harga_awal`, `discount`, `harga`, `harga_min`, `harga_setor`, `nama_setor`, `done`, `waktu_done`) VALUES
(670, 344, 107, 0, '', 1000, 0, 1000, 1000, 900, 'Mamah', 1, '2013-08-04 18:10:33'),
(671, 344, 107, 0, '', 1000, 0, 1000, 1000, 900, 'Mamah', 1, '2013-08-04 18:10:36'),
(672, 344, 107, 0, '', 1000, 0, 1000, 1000, 900, 'Mamah', 1, '2013-08-04 18:10:35'),
(673, 345, 107, 0, '', 1000, 0, 1000, 1000, 900, 'Mamah', 1, '2013-08-04 18:25:18'),
(674, 346, 108, 0, '', 6000, 0, 6000, 5800, 5500, 'Mamah', 1, '2013-08-04 18:42:18'),
(675, 346, 142, 1, '', 7000, 0, 7000, 6000, 5000, 'Mamah', 1, '2013-08-04 18:42:19'),
(676, 346, 142, 1, '', 7000, 0, 7000, 6000, 5000, 'Mamah', 1, '2013-08-04 18:42:20'),
(677, 346, 104, 2, '', 2000, 0, 2000, 1600, 1200, 'Mamah', 1, '2013-08-04 18:42:20'),
(678, 346, 104, 2, '', 2000, 0, 2000, 1600, 1200, 'Mamah', 1, '2013-08-04 18:42:21'),
(679, 346, 104, 2, '', 2000, 0, 2000, 1600, 1200, 'Mamah', 1, '2013-08-04 18:42:21'),
(680, 346, 107, 3, '', 1000, 0, 1000, 1000, 900, 'Mamah', 1, '2013-08-04 18:42:22'),
(681, 346, 107, 3, '', 1000, 0, 1000, 1000, 900, 'Mamah', 1, '2013-08-04 18:42:16'),
(682, 346, 107, 3, '', 1000, 0, 1000, 1000, 900, 'Mamah', 1, '2013-08-04 18:42:16'),
(683, 346, 107, 3, '', 1000, 0, 1000, 1000, 900, 'Mamah', 1, '2013-08-04 18:42:17'),
(684, 346, 109, 4, '', 3500, 0, 3500, 3300, 3000, 'Mamah', 1, '2013-08-04 18:42:15'),
(685, 346, 109, 4, '', 3500, 0, 3500, 3300, 3000, 'Mamah', 1, '2013-08-04 18:42:14'),
(686, 346, 109, 4, '', 3500, 0, 3500, 3300, 3000, 'Mamah', 1, '2013-08-04 18:42:13'),
(687, 346, 106, 5, '', 2500, 0, 2500, 2300, 2000, 'Mamah', 1, '2013-08-04 18:42:13'),
(688, 346, 106, 5, '', 2500, 0, 2500, 2300, 2000, 'Mamah', 1, '2013-08-04 18:42:12'),
(689, 346, 106, 5, '', 2500, 0, 2500, 2300, 2000, 'Mamah', 1, '2013-08-04 18:42:11'),
(690, 346, 144, 6, '', 6000, 0, 6000, 5000, 4000, 'Mamah', 1, '2013-08-04 18:42:11'),
(691, 346, 144, 6, '', 6000, 0, 6000, 5000, 4000, 'Mamah', 1, '2013-08-04 18:42:10'),
(692, 346, 144, 6, '', 6000, 0, 6000, 5000, 4000, 'Mamah', 1, '2013-08-04 18:42:09'),
(693, 346, 138, 7, '', 1000, 0, 1000, 1000, 900, 'Mamah', 1, '2013-08-04 18:42:08'),
(694, 346, 138, 7, '', 1000, 0, 1000, 1000, 900, 'Mamah', 1, '2013-08-04 18:42:08'),
(695, 346, 138, 7, '', 1000, 0, 1000, 1000, 900, 'Mamah', 1, '2013-08-04 18:42:07'),
(696, 346, 145, 8, '', 1000, 0, 1000, 900, 900, 'Mamah', 1, '2013-08-04 18:42:06'),
(697, 346, 145, 8, '', 1000, 0, 1000, 900, 900, 'Mamah', 1, '2013-08-04 18:42:06'),
(698, 346, 139, 9, '', 4000, 0, 4000, 3800, 3500, 'Mamah', 1, '2013-08-04 18:42:05'),
(699, 346, 139, 9, '', 4000, 0, 4000, 3800, 3500, 'Mamah', 1, '2013-08-04 18:42:05'),
(700, 346, 139, 9, '', 4000, 0, 4000, 3800, 3500, 'Mamah', 1, '2013-08-04 18:42:04'),
(701, 346, 141, 10, '', 4000, 0, 4000, 3800, 3500, 'Mamah', 1, '2013-08-04 18:42:04'),
(702, 346, 103, 11, '', 2500, 0, 2500, 2000, 1500, 'Mamah', 1, '2013-08-04 18:42:03'),
(703, 346, 103, 11, '', 2500, 0, 2500, 2000, 1500, 'Mamah', 1, '2013-08-04 18:42:02'),
(704, 347, 106, 0, '', 2500, 0, 2500, 2300, 2000, 'Mamah', 1, '2013-08-04 18:52:48'),
(705, 348, 107, 0, '', 1000, 0, 1000, 1000, 900, 'Mamah', 1, '2013-08-04 19:24:53'),
(706, 349, 109, 0, '', 3500, 0, 3500, 3300, 3000, 'Mamah', 1, '2013-08-04 19:49:24'),
(707, 350, 115, 0, '', 5000, 0, 5000, 4000, 0, '', 1, '2013-08-04 20:00:19'),
(708, 351, 144, 0, '', 6000, 8, 5500, 5000, 4000, 'Mamah', 1, '2013-08-04 19:58:22'),
(709, 352, 145, 0, '', 1000, 0, 1000, 900, 900, 'Mamah', 1, '2013-08-04 20:00:42'),
(710, 352, 145, 0, '', 1000, 0, 1000, 900, 900, 'Mamah', 1, '2013-08-04 20:00:41'),
(711, 353, 107, 0, '', 1000, 0, 1000, 1000, 900, 'Mamah', 1, '2013-08-04 20:28:03'),
(712, 354, 146, 0, '', 1000, 0, 1000, 900, 900, 'Mamah', 1, '2013-08-04 20:56:11'),
(713, 355, 42, 0, '', 18000, 50, 9000, 8000, 0, '', 1, '2013-08-04 21:15:57'),
(714, 355, 42, 0, '', 18000, 50, 9000, 8000, 0, '', 1, '2013-08-04 21:15:57'),
(715, 356, 22, 0, '', 0, 0, 0, 12000, 0, '', 0, NULL),
(716, 357, 40, 0, '', 24000, 50, 12000, 6000, 0, '', 1, '2013-08-05 17:37:50'),
(717, 358, 93, 0, '', 20000, 40, 12000, 9000, 0, '', 1, '2013-08-05 17:46:13'),
(718, 359, 107, 0, '', 1000, 0, 1000, 1000, 900, 'Mamah', 1, '2013-08-05 17:50:31'),
(719, 359, 107, 0, '', 1000, 0, 1000, 1000, 900, 'Mamah', 1, '2013-08-05 17:50:31'),
(720, 359, 107, 0, '', 1000, 0, 1000, 1000, 900, 'Mamah', 1, '2013-08-05 17:50:31'),
(721, 359, 107, 0, '', 1000, 0, 1000, 1000, 900, 'Mamah', 1, '2013-08-05 17:50:32'),
(722, 359, 107, 0, '', 1000, 0, 1000, 1000, 900, 'Mamah', 1, '2013-08-05 17:50:32'),
(723, 359, 107, 0, '', 1000, 0, 1000, 1000, 900, 'Mamah', 1, '2013-08-05 17:50:33'),
(724, 359, 107, 0, '', 1000, 0, 1000, 1000, 900, 'Mamah', 1, '2013-08-05 17:50:33'),
(725, 359, 107, 0, '', 1000, 0, 1000, 1000, 900, 'Mamah', 1, '2013-08-05 17:50:33'),
(726, 359, 107, 0, '', 1000, 0, 1000, 1000, 900, 'Mamah', 1, '2013-08-05 17:50:34'),
(727, 359, 107, 0, '', 1000, 0, 1000, 1000, 900, 'Mamah', 1, '2013-08-05 17:50:34'),
(728, 359, 138, 1, '', 1000, 0, 1000, 1000, 900, 'Mamah', 1, '2013-08-05 17:50:34'),
(729, 359, 138, 1, '', 1000, 0, 1000, 1000, 900, 'Mamah', 1, '2013-08-05 17:50:35'),
(730, 359, 138, 1, '', 1000, 0, 1000, 1000, 900, 'Mamah', 1, '2013-08-05 17:50:35'),
(731, 359, 138, 1, '', 1000, 0, 1000, 1000, 900, 'Mamah', 1, '2013-08-05 17:50:35'),
(732, 359, 109, 2, '', 3500, 0, 3500, 3300, 3000, 'Mamah', 1, '2013-08-05 17:50:36'),
(733, 359, 106, 3, '', 2500, 0, 2500, 2300, 2000, 'Mamah', 1, '2013-08-05 17:50:36'),
(734, 359, 106, 3, '', 2500, 0, 2500, 2300, 2000, 'Mamah', 1, '2013-08-05 17:50:36'),
(735, 359, 106, 3, '', 2500, 0, 2500, 2300, 2000, 'Mamah', 1, '2013-08-05 17:50:37'),
(736, 359, 106, 3, '', 2500, 0, 2500, 2300, 2000, 'Mamah', 1, '2013-08-05 17:50:38'),
(737, 359, 104, 4, '', 2000, 0, 2000, 1600, 1200, 'Mamah', 1, '2013-08-05 17:50:38'),
(738, 359, 110, 5, '', 5000, 0, 5000, 4700, 4200, 'Mamah', 1, '2013-08-05 17:50:39'),
(739, 360, 8, 0, '', 20000, 40, 12000, 8000, 0, '', 1, '2013-08-05 18:06:30'),
(740, 360, 35, 1, '', 38000, 40, 22800, 19000, 0, '', 1, '2013-08-05 18:06:31'),
(741, 361, 110, 0, '', 5000, 0, 5000, 4700, 4200, 'Mamah', 1, '2013-08-05 18:14:24'),
(742, 361, 139, 1, '', 4000, 0, 4000, 3800, 3500, 'Mamah', 1, '2013-08-05 18:14:24'),
(743, 362, 106, 0, '', 2500, 0, 2500, 2300, 2000, 'Mamah', 1, '2013-08-05 18:14:25'),
(744, 362, 106, 0, '', 2500, 0, 2500, 2300, 2000, 'Mamah', 1, '2013-08-05 18:14:25'),
(745, 363, 109, 0, '', 3500, 0, 3500, 3300, 3000, 'Mamah', 1, '2013-08-05 18:14:26'),
(746, 363, 146, 1, '', 1000, 0, 1000, 900, 900, 'Mamah', 1, '2013-08-05 18:14:26'),
(747, 364, 107, 0, '', 1000, 0, 1000, 1000, 900, 'Mamah', 1, '2013-08-05 18:15:03'),
(748, 365, 107, 0, '', 1000, 0, 1000, 1000, 900, 'Mamah', 1, '2013-08-05 18:34:25'),
(749, 366, 146, 0, '', 1000, 0, 1000, 900, 900, 'Mamah', 1, '2013-08-05 19:21:24'),
(750, 366, 146, 0, '', 1000, 0, 1000, 900, 900, 'Mamah', 1, '2013-08-05 19:21:24'),
(751, 367, 104, 0, '', 2000, 0, 2000, 1600, 1200, 'Mamah', 1, '2013-08-05 19:21:25'),
(752, 368, 146, 0, '', 1000, 0, 1000, 900, 900, 'Mamah', 1, '2013-08-05 19:28:39'),
(753, 368, 138, 1, '', 1000, 0, 1000, 1000, 900, 'Mamah', 1, '2013-08-05 19:28:39'),
(754, 369, 104, 0, '', 2000, 0, 2000, 1600, 1200, 'Mamah', 1, '2013-08-05 19:31:30'),
(755, 370, 106, 0, '', 2500, 0, 2500, 2300, 2000, 'Mamah', 1, '2013-08-05 19:41:03'),
(756, 371, 146, 0, '', 1000, 0, 1000, 900, 900, 'Mamah', 1, '2013-08-05 19:46:33'),
(757, 372, 138, 0, '', 1000, 0, 1000, 1000, 900, 'Mamah', 1, '2013-08-05 19:51:03'),
(758, 373, 146, 0, '', 1000, 0, 1000, 900, 900, 'Mamah', 1, '2013-08-05 20:23:00'),
(759, 373, 146, 0, '', 1000, 0, 1000, 900, 900, 'Mamah', 1, '2013-08-05 20:23:00'),
(760, 374, 144, 0, '', 5500, 0, 5500, 5000, 4000, 'Mamah', 1, '2013-08-05 20:39:11'),
(761, 375, 115, 0, '', 5000, 0, 5000, 4000, 0, '', 1, '2013-08-05 20:44:52'),
(762, 376, 133, 0, '', 7000, 0, 7000, 6000, 0, '', 1, '2013-08-05 20:49:26'),
(763, 377, 138, 0, '', 1000, 0, 1000, 1000, 900, 'Mamah', 1, '2013-08-05 20:49:27'),
(764, 378, 146, 0, '', 1000, 0, 1000, 900, 900, 'Mamah', 1, '2013-08-05 20:49:28'),
(765, 379, 133, 0, '', 7000, 0, 7000, 6000, 0, '', 1, '2013-08-05 23:52:19'),
(766, 380, 138, 0, '', 1000, 0, 1000, 1000, 900, 'Mamah', 1, '2013-08-05 21:13:53'),
(767, 380, 138, 0, '', 1000, 0, 1000, 1000, 900, 'Mamah', 1, '2013-08-05 21:13:54'),
(770, 382, 144, 0, '', 5500, 0, 5500, 5000, 4000, 'Mamah', 1, '2013-08-06 17:50:13'),
(771, 383, 36, 0, '', 20000, 50, 10000, 6000, 0, '', 1, '2013-08-06 18:10:44'),
(772, 383, 37, 1, '', 24000, 58, 10000, 7000, 0, '', 1, '2013-08-06 18:10:44'),
(773, 383, 38, 2, '', 24000, 58, 10000, 8000, 0, '', 1, '2013-08-06 18:10:44'),
(774, 383, 39, 3, '', 24000, 58, 10000, 8000, 0, '', 1, '2013-08-06 18:10:45'),
(775, 383, 40, 4, '', 24000, 58, 10000, 6000, 0, '', 1, '2013-08-06 18:10:45'),
(776, 384, 146, 0, '', 1000, 0, 1000, 900, 900, 'Mamah', 1, '2013-08-06 17:56:53'),
(777, 384, 146, 0, '', 1000, 0, 1000, 900, 900, 'Mamah', 1, '2013-08-06 17:56:53'),
(778, 384, 146, 0, '', 1000, 0, 1000, 900, 900, 'Mamah', 1, '2013-08-06 17:56:54'),
(779, 384, 109, 1, '', 3500, 0, 3500, 3300, 3000, 'Mamah', 1, '2013-08-06 17:56:54'),
(780, 384, 138, 2, '', 1000, 0, 1000, 1000, 900, 'Mamah', 1, '2013-08-06 17:56:55'),
(781, 384, 139, 3, '', 4000, 0, 4000, 3800, 3500, 'Mamah', 1, '2013-08-06 17:56:55'),
(782, 385, 35, 0, '', 38000, 41, 22250, 19000, 0, '', 1, '2013-08-06 18:32:55'),
(783, 385, 35, 0, '', 38000, 41, 22250, 19000, 0, '', 1, '2013-08-06 18:32:56'),
(784, 385, 144, 1, '', 5500, 0, 5500, 5000, 4000, 'Mamah', 1, '2013-08-06 18:32:56'),
(785, 386, 35, 0, '', 38000, 40, 22666, 19000, 0, '', 1, '2013-08-06 18:27:31'),
(786, 386, 35, 0, '', 38000, 40, 22666, 19000, 0, '', 1, '2013-08-06 18:27:31'),
(787, 386, 35, 0, '', 38000, 40, 22666, 19000, 0, '', 1, '2013-08-06 18:32:51'),
(788, 387, 115, 0, '', 5000, 0, 5000, 4000, 0, '', 1, '2013-08-06 18:18:11'),
(789, 387, 115, 0, '', 5000, 0, 5000, 4000, 0, '', 1, '2013-08-06 18:18:12'),
(790, 388, 138, 0, '', 1000, 0, 1000, 1000, 900, 'Mamah', 1, '2013-08-06 18:35:54'),
(791, 388, 146, 1, '', 1000, 0, 1000, 900, 900, 'Mamah', 1, '2013-08-06 18:35:55'),
(792, 389, 146, 0, '', 1000, 0, 1000, 900, 900, 'Mamah', 1, '2013-08-06 18:46:15'),
(793, 389, 146, 0, '', 1000, 0, 1000, 900, 900, 'Mamah', 1, '2013-08-06 18:46:15'),
(794, 390, 138, 0, '', 1000, 0, 1000, 1000, 900, 'Mamah', 1, '2013-08-06 19:01:07'),
(795, 390, 138, 0, '', 1000, 0, 1000, 1000, 900, 'Mamah', 1, '2013-08-06 19:01:07'),
(796, 390, 138, 0, '', 1000, 0, 1000, 1000, 900, 'Mamah', 1, '2013-08-06 19:01:07'),
(797, 390, 138, 0, '', 1000, 0, 1000, 1000, 900, 'Mamah', 1, '2013-08-06 19:01:08'),
(798, 390, 138, 0, '', 1000, 0, 1000, 1000, 900, 'Mamah', 1, '2013-08-06 19:01:08'),
(799, 390, 146, 1, '', 1000, 0, 1000, 900, 900, 'Mamah', 1, '2013-08-06 19:01:09'),
(800, 390, 146, 1, '', 1000, 0, 1000, 900, 900, 'Mamah', 1, '2013-08-06 19:01:09'),
(801, 390, 146, 1, '', 1000, 0, 1000, 900, 900, 'Mamah', 1, '2013-08-06 19:01:10'),
(802, 390, 146, 1, '', 1000, 0, 1000, 900, 900, 'Mamah', 1, '2013-08-06 19:01:11'),
(803, 390, 146, 1, '', 1000, 0, 1000, 900, 900, 'Mamah', 1, '2013-08-06 19:01:11'),
(804, 390, 146, 1, '', 1000, 0, 1000, 900, 900, 'Mamah', 1, '2013-08-06 19:01:12'),
(805, 390, 106, 2, '', 2500, 0, 2500, 2300, 2000, 'Mamah', 1, '2013-08-06 19:01:12'),
(806, 390, 109, 3, '', 3500, 0, 3500, 3300, 3000, 'Mamah', 1, '2013-08-06 19:01:13'),
(807, 390, 109, 3, '', 3500, 0, 3500, 3300, 3000, 'Mamah', 1, '2013-08-06 19:01:13'),
(808, 390, 108, 4, '', 6000, 0, 6000, 5800, 5500, 'Mamah', 1, '2013-08-06 19:01:13'),
(809, 391, 146, 0, '', 1000, 0, 1000, 900, 900, 'Mamah', 1, '2013-08-06 19:19:29'),
(810, 392, 109, 0, '', 3500, 0, 3500, 3300, 3000, 'Mamah', 1, '2013-08-06 19:48:32'),
(811, 393, 140, 0, '', 4000, 0, 4000, 3800, 3500, 'Mamah', 1, '2013-08-06 20:03:36'),
(812, 393, 141, 1, '', 4000, 0, 4000, 3800, 3500, 'Mamah', 1, '2013-08-06 20:03:37'),
(813, 394, 146, 0, '', 1000, 0, 1000, 900, 900, 'Mamah', 1, '2013-08-06 20:12:39'),
(814, 395, 107, 0, '', 1000, 0, 1000, 1000, 900, 'Mamah', 1, '2013-08-06 21:17:17'),
(815, 396, 138, 0, '', 1000, 0, 1000, 1000, 900, 'Mamah', 1, '2013-08-06 21:17:45'),
(816, 396, 107, 1, '', 1000, 0, 1000, 1000, 900, 'Mamah', 1, '2013-08-06 21:17:45'),
(817, 397, 146, 0, '', 1000, 0, 1000, 900, 900, 'Mamah', 1, '2013-08-06 21:25:50'),
(818, 398, 146, 0, '', 1000, 0, 1000, 900, 900, 'Mamah', 1, '2013-08-06 21:29:43'),
(819, 399, 144, 0, '', 5500, 0, 5500, 5000, 4000, 'Mamah', 1, '2013-08-06 21:32:52'),
(820, 400, 109, 0, '', 3500, 0, 3500, 3300, 3000, 'Mamah', 1, '2013-08-06 21:38:57'),
(821, 401, 130, 0, '', 7000, 0, 7000, 6000, 0, '', 1, '2013-08-06 22:09:25'),
(822, 402, 138, 0, '', 1000, 0, 1000, 1000, 900, 'Mamah', 1, '2013-08-07 17:32:22'),
(823, 402, 138, 0, '', 1000, 0, 1000, 1000, 900, 'Mamah', 1, '2013-08-07 17:32:23'),
(824, 402, 138, 0, '', 1000, 0, 1000, 1000, 900, 'Mamah', 1, '2013-08-07 17:32:26'),
(825, 402, 142, 1, '', 7000, 0, 7000, 6000, 5000, 'Mamah', 1, '2013-08-07 17:32:35'),
(826, 402, 146, 2, '', 1000, 0, 1000, 900, 900, 'Mamah', 1, '2013-08-07 17:32:28'),
(827, 402, 146, 2, '', 1000, 0, 1000, 900, 900, 'Mamah', 1, '2013-08-07 17:32:28'),
(828, 402, 146, 2, '', 1000, 0, 1000, 900, 900, 'Mamah', 1, '2013-08-07 17:32:34'),
(829, 402, 109, 3, '', 3500, 0, 3500, 3300, 3000, 'Mamah', 1, '2013-08-07 17:32:35'),
(830, 402, 145, 4, '', 1000, 0, 1000, 900, 900, 'Mamah', 1, '2013-08-07 17:32:29'),
(831, 402, 145, 4, '', 1000, 0, 1000, 900, 900, 'Mamah', 1, '2013-08-07 17:32:33'),
(832, 402, 145, 4, '', 1000, 0, 1000, 900, 900, 'Mamah', 1, '2013-08-07 17:32:27'),
(833, 402, 108, 5, '', 6000, 0, 6000, 5800, 5500, 'Mamah', 1, '2013-08-07 17:32:27'),
(834, 402, 108, 5, '', 6000, 0, 6000, 5800, 5500, 'Mamah', 1, '2013-08-07 17:32:27'),
(835, 402, 139, 6, '', 4000, 0, 4000, 3800, 3500, 'Mamah', 1, '2013-08-07 17:32:31'),
(836, 402, 110, 7, '', 5000, 0, 5000, 4700, 4200, 'Mamah', 1, '2013-08-07 17:32:32'),
(837, 402, 110, 7, '', 5000, 0, 5000, 4700, 4200, 'Mamah', 1, '2013-08-07 17:32:31'),
(838, 403, 103, 0, '', 2500, 0, 2500, 2000, 1500, 'Mamah', 1, '2013-08-07 17:32:36'),
(839, 404, 104, 0, '', 2000, 0, 2000, 1600, 1200, 'Mamah', 1, '2013-08-07 17:35:21'),
(840, 405, 108, 0, '', 6000, 0, 6000, 5800, 5500, 'Mamah', 1, '2013-08-07 17:51:06'),
(841, 406, 104, 0, '', 2000, 0, 2000, 1600, 1200, 'Mamah', 1, '2013-08-07 17:54:21'),
(842, 407, 115, 0, '', 5000, 0, 5000, 4000, 0, '', 1, '2013-08-07 18:04:46'),
(843, 407, 127, 1, '', 5000, 0, 5000, 3000, 0, '', 1, '2013-08-07 18:04:47'),
(844, 408, 109, 0, '', 3500, 0, 3500, 3300, 3000, 'Mamah', 1, '2013-08-07 17:56:23'),
(845, 408, 145, 1, '', 1000, 0, 1000, 900, 900, 'Mamah', 1, '2013-08-07 17:56:24'),
(846, 409, 109, 0, '', 3500, 0, 3500, 3300, 3000, 'Mamah', 1, '2013-08-07 18:15:20'),
(847, 410, 138, 0, '', 1000, 0, 1000, 1000, 900, 'Mamah', 1, '2013-08-07 18:18:21'),
(848, 411, 145, 0, '', 1000, 0, 1000, 900, 900, 'Mamah', 1, '2013-08-07 19:09:45'),
(849, 412, 110, 0, '', 5000, 0, 5000, 4700, 4200, 'Mamah', 1, '2013-08-07 19:12:59'),
(850, 413, 138, 0, '', 1000, 0, 1000, 1000, 900, 'Mamah', 1, '2013-08-07 19:35:25'),
(851, 413, 138, 0, '', 1000, 0, 1000, 1000, 900, 'Mamah', 1, '2013-08-07 19:35:25'),
(852, 413, 138, 0, '', 1000, 0, 1000, 1000, 900, 'Mamah', 1, '2013-08-07 19:35:26'),
(853, 414, 145, 0, '', 1000, 0, 1000, 900, 900, 'Mamah', 1, '2013-08-07 19:35:58'),
(854, 415, 39, 0, '', 24000, 54, 11000, 8000, 0, '', 1, '2013-08-07 20:25:02'),
(855, 415, 40, 1, '', 24000, 54, 11000, 6000, 0, '', 1, '2013-08-07 20:25:03'),
(856, 416, 108, 0, '', 6000, 0, 6000, 5800, 5500, 'Mamah', 1, '2013-08-07 20:16:14'),
(857, 417, 145, 0, '', 1000, 0, 1000, 900, 900, 'Mamah', 1, '2013-08-07 20:16:25'),
(858, 417, 145, 0, '', 1000, 0, 1000, 900, 900, 'Mamah', 1, '2013-08-07 20:16:25'),
(859, 418, 145, 0, '', 1000, 0, 1000, 900, 900, 'Mamah', 1, '2013-08-07 20:20:52'),
(860, 419, 103, 0, '', 2500, 0, 2500, 2000, 1500, 'Mamah', 1, '2013-08-07 20:34:26'),
(861, 420, 138, 0, '', 1000, 0, 1000, 1000, 900, 'Mamah', 1, '2013-08-07 20:42:51'),
(862, 421, 137, 0, '', 5000, 0, 5000, 2000, 0, '', 1, '2013-08-07 20:43:43'),
(863, 422, 3, 0, '', 18000, 44, 10000, 7000, 0, '', 1, '2013-08-07 20:48:27'),
(864, 423, 108, 0, '', 6000, 0, 6000, 5800, 5500, 'Mamah', 1, '2013-08-07 21:13:31'),
(865, 424, 140, 0, '', 4000, 0, 4000, 3800, 3500, 'Mamah', 1, '2013-08-07 21:24:32'),
(866, 425, 145, 0, '', 1000, 0, 1000, 900, 900, 'Mamah', 1, '2013-08-07 21:24:33'),
(867, 426, 138, 0, '', 1000, 0, 1000, 1000, 900, 'Mamah', 1, '2013-08-07 21:25:23'),
(868, 427, 109, 0, '', 3500, 0, 3500, 3300, 3000, 'Mamah', 1, '2013-08-07 21:43:27'),
(869, 427, 138, 1, '', 1000, 0, 1000, 1000, 900, 'Mamah', 1, '2013-08-07 21:43:29'),
(870, 427, 138, 1, '', 1000, 0, 1000, 1000, 900, 'Mamah', 1, '2013-08-07 21:43:30'),
(871, 427, 139, 2, '', 4000, 0, 4000, 3800, 3500, 'Mamah', 1, '2013-08-07 21:43:30'),
(872, 428, 137, 0, '', 5000, 0, 5000, 2000, 0, '', 1, '2013-08-07 21:46:30'),
(873, 428, 137, 0, '', 5000, 0, 5000, 2000, 0, '', 1, '2013-08-07 21:46:30'),
(874, 429, 104, 0, '', 2000, 0, 2000, 1600, 1200, 'Mamah', 1, '2013-08-07 22:03:34'),
(875, 430, 108, 0, '', 6000, 0, 6000, 5800, 5500, 'Mamah', 1, '2013-08-07 22:17:42'),
(876, 431, 110, 0, '', 5000, 0, 5000, 4700, 4200, 'Mamah', 1, '2013-08-07 22:20:09'),
(877, 431, 145, 1, '', 1000, 0, 1000, 900, 900, 'Mamah', 1, '2013-08-07 22:20:09'),
(878, 432, 145, 0, '', 1000, 0, 1000, 900, 900, 'Mamah', 1, '2013-08-07 22:29:02'),
(879, 432, 145, 0, '', 1000, 0, 1000, 900, 900, 'Mamah', 1, '2013-08-07 22:29:02'),
(880, 433, 145, 0, '', 1000, 0, 1000, 900, 900, 'Mamah', 1, '2013-08-07 22:34:46'),
(881, 434, 145, 0, '', 1000, 0, 1000, 900, 900, 'Mamah', 1, '2013-08-07 22:36:56'),
(882, 435, 145, 0, '', 1000, 0, 1000, 900, 900, 'Mamah', 1, '2013-08-09 20:33:55'),
(883, 435, 145, 0, '', 1000, 0, 1000, 900, 900, 'Mamah', 1, '2013-08-09 20:33:55'),
(884, 435, 145, 0, '', 1000, 0, 1000, 900, 900, 'Mamah', 1, '2013-08-09 20:33:55'),
(885, 435, 145, 0, '', 1000, 0, 1000, 900, 900, 'Mamah', 1, '2013-08-09 20:34:03'),
(886, 435, 145, 0, '', 1000, 0, 1000, 900, 900, 'Mamah', 1, '2013-08-09 20:33:59'),
(887, 435, 145, 0, '', 1000, 0, 1000, 900, 900, 'Mamah', 1, '2013-08-09 20:34:04'),
(888, 435, 145, 0, '', 1000, 0, 1000, 900, 900, 'Mamah', 1, '2013-08-09 20:34:01'),
(889, 435, 145, 0, '', 1000, 0, 1000, 900, 900, 'Mamah', 1, '2013-08-09 20:34:01'),
(890, 435, 144, 1, '', 5500, 0, 5500, 5000, 4000, 'Mamah', 1, '2013-08-09 20:34:05'),
(891, 435, 104, 2, '', 2000, 0, 2000, 1600, 1200, 'Mamah', 1, '2013-08-09 20:34:05'),
(892, 435, 104, 2, '', 2000, 0, 2000, 1600, 1200, 'Mamah', 1, '2013-08-09 20:34:06'),
(893, 435, 104, 2, '', 2000, 0, 2000, 1600, 1200, 'Mamah', 1, '2013-08-09 20:34:06'),
(894, 435, 104, 2, '', 2000, 0, 2000, 1600, 1200, 'Mamah', 1, '2013-08-09 20:34:02'),
(895, 435, 104, 2, '', 2000, 0, 2000, 1600, 1200, 'Mamah', 1, '2013-08-09 20:34:02'),
(896, 435, 138, 3, '', 1000, 0, 1000, 1000, 900, 'Mamah', 1, '2013-08-09 20:34:06'),
(897, 435, 138, 3, '', 1000, 0, 1000, 1000, 900, 'Mamah', 1, '2013-08-09 20:33:59'),
(898, 435, 138, 3, '', 1000, 0, 1000, 1000, 900, 'Mamah', 1, '2013-08-09 20:34:07'),
(899, 435, 138, 3, '', 1000, 0, 1000, 1000, 900, 'Mamah', 1, '2013-08-09 20:33:59'),
(900, 435, 138, 3, '', 1000, 0, 1000, 1000, 900, 'Mamah', 1, '2013-08-09 20:34:00'),
(901, 435, 138, 3, '', 1000, 0, 1000, 1000, 900, 'Mamah', 1, '2013-08-09 20:34:08'),
(902, 435, 109, 4, '', 3500, 0, 3500, 3300, 3000, 'Mamah', 1, '2013-08-09 20:34:08'),
(903, 436, 103, 0, '', 2500, 0, 2500, 2000, 1500, 'Mamah', 1, '2013-08-10 20:56:09'),
(904, 436, 103, 0, '', 2500, 0, 2500, 2000, 1500, 'Mamah', 1, '2013-08-10 20:56:09'),
(905, 436, 145, 1, '', 1000, 0, 1000, 900, 900, 'Mamah', 1, '2013-08-10 20:56:09'),
(906, 436, 145, 1, '', 1000, 0, 1000, 900, 900, 'Mamah', 1, '2013-08-10 20:56:10'),
(907, 436, 145, 1, '', 1000, 0, 1000, 900, 900, 'Mamah', 1, '2013-08-10 20:56:10'),
(908, 436, 145, 1, '', 1000, 0, 1000, 900, 900, 'Mamah', 1, '2013-08-10 20:56:11'),
(909, 436, 145, 1, '', 1000, 0, 1000, 900, 900, 'Mamah', 1, '2013-08-10 20:56:11'),
(910, 436, 145, 1, '', 1000, 0, 1000, 900, 900, 'Mamah', 1, '2013-08-10 20:56:12'),
(911, 436, 145, 1, '', 1000, 0, 1000, 900, 900, 'Mamah', 1, '2013-08-10 20:56:13'),
(912, 436, 145, 1, '', 1000, 0, 1000, 900, 900, 'Mamah', 1, '2013-08-10 20:56:13'),
(913, 436, 145, 1, '', 1000, 0, 1000, 900, 900, 'Mamah', 1, '2013-08-10 20:56:13'),
(914, 436, 145, 1, '', 1000, 0, 1000, 900, 900, 'Mamah', 1, '2013-08-10 20:56:14'),
(915, 436, 145, 1, '', 1000, 0, 1000, 900, 900, 'Mamah', 1, '2013-08-10 20:56:14'),
(916, 436, 145, 1, '', 1000, 0, 1000, 900, 900, 'Mamah', 1, '2013-08-10 20:56:15'),
(917, 436, 108, 2, '', 6000, 0, 6000, 5800, 5500, 'Mamah', 1, '2013-08-10 20:56:15'),
(918, 436, 138, 3, '', 1000, 0, 1000, 1000, 900, 'Mamah', 1, '2013-08-10 20:56:15'),
(919, 436, 138, 3, '', 1000, 0, 1000, 1000, 900, 'Mamah', 1, '2013-08-10 20:56:16'),
(920, 436, 138, 3, '', 1000, 0, 1000, 1000, 900, 'Mamah', 1, '2013-08-10 20:56:16'),
(921, 436, 140, 4, '', 4000, 0, 4000, 3800, 3500, 'Mamah', 1, '2013-08-10 20:56:17'),
(922, 437, 108, 0, '', 6000, 0, 6000, 5800, 5500, 'Mamah', 1, '2013-08-11 20:51:29'),
(923, 437, 138, 1, '', 1000, 0, 1000, 1000, 900, 'Mamah', 1, '2013-08-11 20:51:29'),
(924, 437, 138, 1, '', 1000, 0, 1000, 1000, 900, 'Mamah', 1, '2013-08-11 20:51:30'),
(925, 437, 138, 1, '', 1000, 0, 1000, 1000, 900, 'Mamah', 1, '2013-08-11 20:51:30'),
(926, 437, 138, 1, '', 1000, 0, 1000, 1000, 900, 'Mamah', 1, '2013-08-11 20:51:31'),
(927, 437, 138, 1, '', 1000, 0, 1000, 1000, 900, 'Mamah', 1, '2013-08-11 20:51:31'),
(928, 437, 138, 1, '', 1000, 0, 1000, 1000, 900, 'Mamah', 1, '2013-08-11 20:51:31'),
(929, 437, 138, 1, '', 1000, 0, 1000, 1000, 900, 'Mamah', 1, '2013-08-11 20:51:32'),
(930, 437, 138, 1, '', 1000, 0, 1000, 1000, 900, 'Mamah', 1, '2013-08-11 20:51:32'),
(931, 437, 138, 1, '', 1000, 0, 1000, 1000, 900, 'Mamah', 1, '2013-08-11 20:51:32'),
(932, 437, 138, 1, '', 1000, 0, 1000, 1000, 900, 'Mamah', 1, '2013-08-11 20:51:33'),
(933, 437, 145, 2, '', 1000, 0, 1000, 900, 900, 'Mamah', 1, '2013-08-11 20:51:34'),
(934, 437, 145, 2, '', 1000, 0, 1000, 900, 900, 'Mamah', 1, '2013-08-11 20:51:34'),
(935, 437, 145, 2, '', 1000, 0, 1000, 900, 900, 'Mamah', 1, '2013-08-11 20:51:35'),
(936, 437, 145, 2, '', 1000, 0, 1000, 900, 900, 'Mamah', 1, '2013-08-11 20:51:36'),
(937, 437, 145, 2, '', 1000, 0, 1000, 900, 900, 'Mamah', 1, '2013-08-11 20:51:37'),
(938, 437, 145, 2, '', 1000, 0, 1000, 900, 900, 'Mamah', 1, '2013-08-11 20:51:37'),
(939, 437, 145, 2, '', 1000, 0, 1000, 900, 900, 'Mamah', 1, '2013-08-11 20:51:38'),
(940, 437, 145, 2, '', 1000, 0, 1000, 900, 900, 'Mamah', 1, '2013-08-11 20:51:38'),
(941, 437, 145, 2, '', 1000, 0, 1000, 900, 900, 'Mamah', 1, '2013-08-11 20:51:39'),
(942, 437, 145, 2, '', 1000, 0, 1000, 900, 900, 'Mamah', 1, '2013-08-11 20:51:40'),
(943, 437, 145, 2, '', 1000, 0, 1000, 900, 900, 'Mamah', 1, '2013-08-11 20:51:40'),
(944, 437, 103, 3, '', 2500, 0, 2500, 2000, 1500, 'Mamah', 1, '2013-08-11 20:51:41'),
(945, 437, 103, 3, '', 2500, 0, 2500, 2000, 1500, 'Mamah', 1, '2013-08-11 20:51:43'),
(946, 437, 103, 3, '', 2500, 0, 2500, 2000, 1500, 'Mamah', 1, '2013-08-11 20:51:43'),
(947, 437, 139, 4, '', 4000, 0, 4000, 3800, 3500, 'Mamah', 1, '2013-08-11 20:51:44'),
(948, 437, 139, 4, '', 4000, 0, 4000, 3800, 3500, 'Mamah', 1, '2013-08-11 20:51:44'),
(949, 437, 144, 5, '', 5500, 0, 5500, 5000, 4000, 'Mamah', 1, '2013-08-11 20:51:45'),
(950, 437, 144, 5, '', 5500, 0, 5500, 5000, 4000, 'Mamah', 1, '2013-08-11 20:51:46'),
(951, 437, 141, 6, '', 4000, 0, 4000, 3800, 3500, 'Mamah', 1, '2013-08-11 20:51:46'),
(952, 437, 140, 7, '', 4000, 0, 4000, 3800, 3500, 'Mamah', 1, '2013-08-11 20:51:47'),
(953, 438, 108, 0, '', 6000, 0, 6000, 5800, 5500, 'Mamah', 1, '2013-08-12 21:36:07'),
(954, 438, 108, 0, '', 6000, 0, 6000, 5800, 5500, 'Mamah', 1, '2013-08-12 21:36:08'),
(955, 438, 145, 1, '', 1000, 0, 1000, 900, 900, 'Mamah', 1, '2013-08-12 21:36:08'),
(956, 438, 145, 1, '', 1000, 0, 1000, 900, 900, 'Mamah', 1, '2013-08-12 21:36:09'),
(957, 438, 145, 1, '', 1000, 0, 1000, 900, 900, 'Mamah', 1, '2013-08-12 21:36:09'),
(958, 438, 145, 1, '', 1000, 0, 1000, 900, 900, 'Mamah', 1, '2013-08-12 21:36:10'),
(959, 438, 145, 1, '', 1000, 0, 1000, 900, 900, 'Mamah', 1, '2013-08-12 21:36:11'),
(960, 438, 145, 1, '', 1000, 0, 1000, 900, 900, 'Mamah', 1, '2013-08-12 21:36:11'),
(961, 438, 145, 1, '', 1000, 0, 1000, 900, 900, 'Mamah', 1, '2013-08-12 21:36:11'),
(962, 438, 145, 1, '', 1000, 0, 1000, 900, 900, 'Mamah', 1, '2013-08-12 21:36:12'),
(963, 438, 145, 1, '', 1000, 0, 1000, 900, 900, 'Mamah', 1, '2013-08-12 21:36:12'),
(964, 438, 145, 1, '', 1000, 0, 1000, 900, 900, 'Mamah', 1, '2013-08-12 21:36:13'),
(965, 438, 145, 1, '', 1000, 0, 1000, 900, 900, 'Mamah', 1, '2013-08-12 21:36:14'),
(966, 438, 145, 1, '', 1000, 0, 1000, 900, 900, 'Mamah', 1, '2013-08-12 21:36:14'),
(967, 438, 145, 1, '', 1000, 0, 1000, 900, 900, 'Mamah', 1, '2013-08-12 21:36:15'),
(968, 438, 145, 1, '', 1000, 0, 1000, 900, 900, 'Mamah', 1, '2013-08-12 21:36:16'),
(969, 438, 145, 1, '', 1000, 0, 1000, 900, 900, 'Mamah', 1, '2013-08-12 21:36:17'),
(970, 438, 145, 1, '', 1000, 0, 1000, 900, 900, 'Mamah', 1, '2013-08-12 21:36:17'),
(971, 438, 138, 2, '', 1000, 0, 1000, 1000, 900, 'Mamah', 1, '2013-08-12 21:36:18'),
(972, 438, 138, 2, '', 1000, 0, 1000, 1000, 900, 'Mamah', 1, '2013-08-12 21:36:18'),
(973, 438, 138, 2, '', 1000, 0, 1000, 1000, 900, 'Mamah', 1, '2013-08-12 21:36:19'),
(974, 438, 138, 2, '', 1000, 0, 1000, 1000, 900, 'Mamah', 1, '2013-08-12 21:36:19'),
(975, 438, 139, 3, '', 4000, 0, 4000, 3800, 3500, 'Mamah', 1, '2013-08-12 21:36:20'),
(976, 438, 141, 4, '', 4000, 0, 4000, 3800, 3500, 'Mamah', 1, '2013-08-12 21:36:20'),
(977, 438, 104, 5, '', 2000, 0, 2000, 1600, 1200, 'Mamah', 1, '2013-08-12 21:36:21'),
(978, 438, 103, 6, '', 2500, 0, 2500, 2000, 1500, 'Mamah', 1, '2013-08-12 21:36:22'),
(979, 438, 103, 6, '', 2500, 0, 2500, 2000, 1500, 'Mamah', 1, '2013-08-12 21:36:22'),
(980, 438, 103, 6, '', 2500, 0, 2500, 2000, 1500, 'Mamah', 1, '2013-08-12 21:36:23'),
(981, 438, 110, 7, '', 5000, 0, 5000, 4700, 4200, 'Mamah', 1, '2013-08-12 21:36:23'),
(982, 438, 106, 8, '', 2500, 0, 2500, 2300, 2000, 'Mamah', 1, '2013-08-12 21:36:24'),
(983, 439, 141, 0, '', 4000, 0, 4000, 3800, 3500, 'Mamah', 1, '2013-08-13 20:49:08'),
(984, 439, 104, 1, '', 2000, 0, 2000, 1600, 1200, 'Mamah', 1, '2013-08-13 20:49:09'),
(985, 439, 104, 1, '', 2000, 0, 2000, 1600, 1200, 'Mamah', 1, '2013-08-13 20:49:09'),
(986, 439, 104, 1, '', 2000, 0, 2000, 1600, 1200, 'Mamah', 1, '2013-08-13 20:49:10'),
(987, 439, 106, 2, '', 2500, 0, 2500, 2300, 2000, 'Mamah', 1, '2013-08-13 20:49:11'),
(988, 439, 106, 2, '', 2500, 0, 2500, 2300, 2000, 'Mamah', 1, '2013-08-13 20:49:12'),
(989, 439, 106, 2, '', 2500, 0, 2500, 2300, 2000, 'Mamah', 1, '2013-08-13 20:49:12'),
(990, 439, 106, 2, '', 2500, 0, 2500, 2300, 2000, 'Mamah', 1, '2013-08-13 20:49:13'),
(991, 439, 106, 2, '', 2500, 0, 2500, 2300, 2000, 'Mamah', 1, '2013-08-13 20:49:13'),
(992, 439, 145, 3, '', 1000, 0, 1000, 900, 900, 'Mamah', 1, '2013-08-13 20:49:14'),
(993, 439, 145, 3, '', 1000, 0, 1000, 900, 900, 'Mamah', 1, '2013-08-13 20:49:14'),
(994, 439, 145, 3, '', 1000, 0, 1000, 900, 900, 'Mamah', 1, '2013-08-13 20:49:15'),
(995, 439, 145, 3, '', 1000, 0, 1000, 900, 900, 'Mamah', 1, '2013-08-13 20:49:16'),
(996, 439, 145, 3, '', 1000, 0, 1000, 900, 900, 'Mamah', 1, '2013-08-13 20:49:16'),
(997, 439, 145, 3, '', 1000, 0, 1000, 900, 900, 'Mamah', 1, '2013-08-13 20:49:17'),
(998, 439, 145, 3, '', 1000, 0, 1000, 900, 900, 'Mamah', 1, '2013-08-13 20:49:17'),
(999, 439, 145, 3, '', 1000, 0, 1000, 900, 900, 'Mamah', 1, '2013-08-13 20:49:18'),
(1000, 439, 145, 3, '', 1000, 0, 1000, 900, 900, 'Mamah', 1, '2013-08-13 20:49:18'),
(1001, 439, 145, 3, '', 1000, 0, 1000, 900, 900, 'Mamah', 1, '2013-08-13 20:49:19'),
(1002, 439, 145, 3, '', 1000, 0, 1000, 900, 900, 'Mamah', 1, '2013-08-13 20:49:19'),
(1003, 439, 145, 3, '', 1000, 0, 1000, 900, 900, 'Mamah', 1, '2013-08-13 20:49:20'),
(1004, 439, 145, 3, '', 1000, 0, 1000, 900, 900, 'Mamah', 1, '2013-08-13 20:49:20'),
(1005, 439, 110, 4, '', 5000, 0, 5000, 4700, 4200, 'Mamah', 1, '2013-08-13 20:49:20'),
(1006, 439, 110, 4, '', 5000, 0, 5000, 4700, 4200, 'Mamah', 1, '2013-08-13 20:49:21'),
(1007, 439, 110, 4, '', 5000, 0, 5000, 4700, 4200, 'Mamah', 1, '2013-08-13 20:49:21'),
(1008, 439, 110, 4, '', 5000, 0, 5000, 4700, 4200, 'Mamah', 1, '2013-08-13 20:49:22'),
(1009, 439, 144, 5, '', 5500, 0, 5500, 5000, 4000, 'Mamah', 1, '2013-08-13 20:49:22'),
(1010, 439, 144, 5, '', 5500, 0, 5500, 5000, 4000, 'Mamah', 1, '2013-08-13 20:49:22'),
(1011, 439, 138, 6, '', 1000, 0, 1000, 1000, 900, 'Mamah', 1, '2013-08-13 20:49:23'),
(1012, 439, 138, 6, '', 1000, 0, 1000, 1000, 900, 'Mamah', 1, '2013-08-13 20:49:24'),
(1013, 439, 138, 6, '', 1000, 0, 1000, 1000, 900, 'Mamah', 1, '2013-08-13 20:49:24'),
(1014, 439, 138, 6, '', 1000, 0, 1000, 1000, 900, 'Mamah', 1, '2013-08-13 20:49:25'),
(1015, 439, 138, 6, '', 1000, 0, 1000, 1000, 900, 'Mamah', 1, '2013-08-13 20:49:26'),
(1016, 439, 103, 7, '', 2500, 0, 2500, 2000, 1500, 'Mamah', 1, '2013-08-13 20:49:26'),
(1042, 441, 142, 0, '', 7000, 0, 7000, 6000, 5000, 'Mamah', 1, '2013-08-14 20:49:53'),
(1043, 441, 138, 1, '', 1000, 0, 1000, 1000, 900, 'Mamah', 1, '2013-08-14 20:49:54'),
(1044, 441, 138, 1, '', 1000, 0, 1000, 1000, 900, 'Mamah', 1, '2013-08-14 20:49:54'),
(1045, 441, 138, 1, '', 1000, 0, 1000, 1000, 900, 'Mamah', 1, '2013-08-14 20:49:56'),
(1046, 441, 138, 1, '', 1000, 0, 1000, 1000, 900, 'Mamah', 1, '2013-08-14 20:49:56'),
(1047, 441, 106, 2, '', 2500, 0, 2500, 2300, 2000, 'Mamah', 1, '2013-08-14 20:49:56'),
(1048, 441, 106, 2, '', 2500, 0, 2500, 2300, 2000, 'Mamah', 1, '2013-08-14 20:49:57'),
(1049, 441, 106, 2, '', 2500, 0, 2500, 2300, 2000, 'Mamah', 1, '2013-08-14 20:49:58'),
(1050, 441, 106, 2, '', 2500, 0, 2500, 2300, 2000, 'Mamah', 1, '2013-08-14 20:49:58'),
(1051, 441, 106, 2, '', 2500, 0, 2500, 2300, 2000, 'Mamah', 1, '2013-08-14 20:49:58'),
(1052, 441, 106, 2, '', 2500, 0, 2500, 2300, 2000, 'Mamah', 1, '2013-08-14 20:49:59'),
(1053, 441, 104, 3, '', 2000, 0, 2000, 1600, 1200, 'Mamah', 1, '2013-08-14 20:49:59'),
(1054, 441, 145, 4, '', 1000, 0, 1000, 900, 900, 'Mamah', 1, '2013-08-14 20:49:59'),
(1055, 441, 145, 4, '', 1000, 0, 1000, 900, 900, 'Mamah', 1, '2013-08-14 20:50:00'),
(1056, 441, 108, 5, '', 6000, 0, 6000, 5800, 5500, 'Mamah', 1, '2013-08-14 20:50:00'),
(1057, 442, 110, 0, '', 5000, 0, 5000, 4700, 4200, 'Mamah', 1, '2013-08-15 15:48:29'),
(1058, 442, 106, 1, '', 2500, 0, 2500, 2300, 2000, 'Mamah', 1, '2013-08-15 15:48:29'),
(1059, 442, 106, 1, '', 2500, 0, 2500, 2300, 2000, 'Mamah', 1, '2013-08-15 15:48:31'),
(1060, 442, 106, 1, '', 2500, 0, 2500, 2300, 2000, 'Mamah', 1, '2013-08-15 15:48:30'),
(1061, 442, 103, 2, '', 2500, 0, 2500, 2000, 1500, 'Mamah', 1, '2013-08-15 15:48:32'),
(1062, 442, 107, 3, '', 1000, 0, 1000, 1000, 900, 'Mamah', 1, '2013-08-15 15:48:32'),
(1063, 442, 107, 3, '', 1000, 0, 1000, 1000, 900, 'Mamah', 1, '2013-08-15 15:48:33'),
(1064, 442, 142, 4, '', 7000, 0, 7000, 6000, 5000, 'Mamah', 1, '2013-08-15 15:48:33'),
(1065, 442, 107, 5, '', 1000, 0, 1000, 1000, 900, 'Mamah', 1, '2013-08-15 15:48:34'),
(1066, 442, 107, 5, '', 1000, 0, 1000, 1000, 900, 'Mamah', 1, '2013-08-15 15:48:34'),
(1067, 442, 107, 5, '', 1000, 0, 1000, 1000, 900, 'Mamah', 1, '2013-08-15 15:48:35'),
(1068, 442, 107, 5, '', 1000, 0, 1000, 1000, 900, 'Mamah', 1, '2013-08-15 15:48:35'),
(1069, 442, 107, 5, '', 1000, 0, 1000, 1000, 900, 'Mamah', 1, '2013-08-15 15:48:36'),
(1070, 442, 138, 6, '', 1000, 0, 1000, 1000, 900, 'Mamah', 1, '2013-08-15 15:48:36'),
(1071, 443, 106, 0, '', 2500, 0, 2500, 2300, 2000, 'Mamah', 1, '2013-08-15 16:29:36'),
(1072, 443, 147, 1, '', 3000, 0, 3000, 2800, 2500, 'Mamah', 1, '2013-08-15 16:29:37'),
(1073, 444, 107, 0, '', 1000, 0, 1000, 1000, 900, 'Mamah', 1, '2013-08-15 16:32:21'),
(1074, 444, 107, 0, '', 1000, 0, 1000, 1000, 900, 'Mamah', 1, '2013-08-15 16:32:21'),
(1075, 444, 107, 0, '', 1000, 0, 1000, 1000, 900, 'Mamah', 1, '2013-08-15 16:32:22'),
(1076, 445, 107, 0, '', 1000, 0, 1000, 1000, 900, 'Mamah', 1, '2013-08-15 16:41:46'),
(1077, 446, 147, 0, '', 3000, 0, 3000, 2800, 2500, 'Mamah', 1, '2013-08-15 17:09:38'),
(1078, 446, 147, 0, '', 3000, 0, 3000, 2800, 2500, 'Mamah', 1, '2013-08-15 17:09:39'),
(1079, 447, 107, 0, '', 1000, 0, 1000, 1000, 900, 'Mamah', 1, '2013-08-15 17:42:28'),
(1080, 448, 143, 0, '', 7000, 0, 7000, 6000, 5000, 'Mamah', 1, '2013-08-15 18:35:23'),
(1083, 451, 106, 0, '', 2500, 0, 2500, 2300, 2000, 'Mamah', 1, '2013-08-15 19:17:13'),
(1084, 451, 106, 0, '', 2500, 0, 2500, 2300, 2000, 'Mamah', 1, '2013-08-15 19:17:13'),
(1085, 452, 103, 0, '', 2500, 0, 2500, 2000, 1500, 'Mamah', 1, '2013-08-15 19:23:25'),
(1086, 452, 103, 0, '', 2500, 0, 2500, 2000, 1500, 'Mamah', 1, '2013-08-15 19:23:25'),
(1087, 453, 142, 0, '', 7000, 0, 7000, 6000, 5000, 'Mamah', 1, '2013-08-15 19:32:06'),
(1088, 454, 107, 0, '', 1000, 0, 1000, 1000, 900, 'Mamah', 1, '2013-08-15 19:57:14'),
(1089, 455, 107, 0, '', 1000, 0, 1000, 1000, 900, 'Mamah', 1, '2013-08-16 18:09:36'),
(1090, 456, 107, 0, '', 1000, 0, 1000, 1000, 900, 'Mamah', 1, '2013-08-16 18:13:36'),
(1091, 456, 138, 1, '', 1000, 0, 1000, 1000, 900, 'Mamah', 1, '2013-08-16 18:13:35'),
(1092, 457, 107, 0, '', 1000, 0, 1000, 1000, 900, 'Mamah', 1, '2013-08-16 18:27:17'),
(1093, 457, 107, 0, '', 1000, 0, 1000, 1000, 900, 'Mamah', 1, '2013-08-16 18:27:17'),
(1094, 458, 144, 0, '', 5500, 0, 5500, 5000, 4000, 'Mamah', 1, '2013-08-16 18:46:07'),
(1095, 459, 107, 0, '', 1000, 0, 1000, 1000, 900, 'Mamah', 1, '2013-08-16 19:06:53'),
(1096, 459, 103, 1, '', 2500, 0, 2500, 2000, 1500, 'Mamah', 1, '2013-08-16 19:06:53'),
(1097, 460, 103, 0, '', 2500, 0, 2500, 2000, 1500, 'Mamah', 1, '2013-08-16 19:48:00'),
(1098, 461, 147, 0, '', 3000, 0, 3000, 2800, 2500, 'Mamah', 1, '2013-08-16 19:51:51'),
(1099, 461, 107, 1, '', 1000, 0, 1000, 1000, 900, 'Mamah', 1, '2013-08-16 19:51:51'),
(1100, 461, 107, 1, '', 1000, 0, 1000, 1000, 900, 'Mamah', 1, '2013-08-16 19:51:52'),
(1101, 462, 138, 0, '', 1000, 0, 1000, 1000, 900, 'Mamah', 1, '2013-08-16 20:45:53'),
(1102, 462, 138, 0, '', 1000, 0, 1000, 1000, 900, 'Mamah', 1, '2013-08-16 20:45:53'),
(1103, 462, 110, 1, '', 5000, 0, 5000, 4700, 4200, 'Mamah', 1, '2013-08-16 20:45:54'),
(1104, 462, 107, 2, '', 1000, 0, 1000, 1000, 900, 'Mamah', 1, '2013-08-16 20:45:54'),
(1105, 462, 107, 2, '', 1000, 0, 1000, 1000, 900, 'Mamah', 1, '2013-08-16 20:45:55'),
(1106, 462, 107, 2, '', 1000, 0, 1000, 1000, 900, 'Mamah', 1, '2013-08-16 20:45:55'),
(1107, 462, 107, 2, '', 1000, 0, 1000, 1000, 900, 'Mamah', 1, '2013-08-16 20:45:55'),
(1108, 462, 107, 2, '', 1000, 0, 1000, 1000, 900, 'Mamah', 1, '2013-08-16 20:45:56'),
(1109, 462, 107, 2, '', 1000, 0, 1000, 1000, 900, 'Mamah', 1, '2013-08-16 20:45:57'),
(1110, 462, 107, 2, '', 1000, 0, 1000, 1000, 900, 'Mamah', 1, '2013-08-16 20:45:58'),
(1111, 462, 107, 2, '', 1000, 0, 1000, 1000, 900, 'Mamah', 1, '2013-08-16 20:45:58'),
(1112, 462, 107, 2, '', 1000, 0, 1000, 1000, 900, 'Mamah', 1, '2013-08-16 20:45:58'),
(1113, 462, 107, 2, '', 1000, 0, 1000, 1000, 900, 'Mamah', 1, '2013-08-16 20:45:51'),
(1114, 462, 107, 2, '', 1000, 0, 1000, 1000, 900, 'Mamah', 1, '2013-08-16 20:45:51'),
(1115, 462, 103, 3, '', 2500, 0, 2500, 2000, 1500, 'Mamah', 1, '2013-08-16 20:45:52'),
(1116, 462, 147, 4, '', 3000, 0, 3000, 2800, 2500, 'Mamah', 1, '2013-08-16 20:45:49'),
(1117, 462, 147, 4, '', 3000, 0, 3000, 2800, 2500, 'Mamah', 1, '2013-08-16 20:45:49'),
(1118, 462, 106, 5, '', 2500, 0, 2500, 2300, 2000, 'Mamah', 1, '2013-08-16 20:45:48'),
(1119, 463, 22, 0, '', 0, 0, 0, 12000, 0, '', 1, '2013-08-16 21:10:46'),
(1120, 464, 145, 0, '', 1000, 0, 1000, 1000, 900, 'Mamah', 1, '2013-08-18 14:53:57'),
(1121, 464, 145, 0, '', 1000, 0, 1000, 1000, 900, 'Mamah', 1, '2013-08-18 14:53:57'),
(1122, 464, 145, 0, '', 1000, 0, 1000, 1000, 900, 'Mamah', 1, '2013-08-18 14:53:58'),
(1123, 464, 142, 1, '', 7000, 0, 7000, 6000, 5000, 'Mamah', 1, '2013-08-18 14:53:59'),
(1124, 464, 109, 2, '', 3500, 0, 3500, 3300, 3000, 'Mamah', 1, '2013-08-18 14:53:59'),
(1125, 464, 107, 3, '', 1000, 0, 1000, 1000, 900, 'Mamah', 1, '2013-08-18 14:53:59'),
(1126, 464, 107, 3, '', 1000, 0, 1000, 1000, 900, 'Mamah', 1, '2013-08-18 14:54:00'),
(1127, 464, 107, 3, '', 1000, 0, 1000, 1000, 900, 'Mamah', 1, '2013-08-18 14:54:00'),
(1128, 464, 138, 4, '', 1000, 0, 1000, 1000, 900, 'Mamah', 1, '2013-08-18 14:54:01'),
(1129, 464, 147, 5, '', 3000, 0, 3000, 2800, 2500, 'Mamah', 1, '2013-08-18 14:54:01'),
(1130, 464, 108, 6, '', 6000, 0, 6000, 5800, 5500, 'Mamah', 1, '2013-08-18 14:54:01'),
(1131, 465, 145, 0, '', 1000, 0, 1000, 1000, 900, 'Mamah', 1, '2013-08-18 17:34:09'),
(1132, 465, 145, 0, '', 1000, 0, 1000, 1000, 900, 'Mamah', 1, '2013-08-18 17:34:09'),
(1133, 466, 142, 0, '', 7000, 0, 7000, 6000, 5000, 'Mamah', 1, '2013-08-18 17:50:45'),
(1134, 467, 36, 0, '', 20000, 50, 10000, 6000, 0, '', 1, '2013-08-18 19:20:02'),
(1135, 468, 107, 0, '', 1000, 0, 1000, 1000, 900, 'Mamah', 1, '2013-08-19 15:24:04'),
(1136, 468, 107, 0, '', 1000, 0, 1000, 1000, 900, 'Mamah', 1, '2013-08-19 15:24:04'),
(1137, 468, 107, 0, '', 1000, 0, 1000, 1000, 900, 'Mamah', 1, '2013-08-19 15:24:04'),
(1138, 468, 107, 0, '', 1000, 0, 1000, 1000, 900, 'Mamah', 1, '2013-08-19 15:24:05'),
(1139, 468, 107, 0, '', 1000, 0, 1000, 1000, 900, 'Mamah', 1, '2013-08-19 15:24:05'),
(1140, 468, 107, 0, '', 1000, 0, 1000, 1000, 900, 'Mamah', 1, '2013-08-19 15:24:06'),
(1141, 468, 107, 0, '', 1000, 0, 1000, 1000, 900, 'Mamah', 1, '2013-08-19 15:24:06'),
(1142, 468, 107, 0, '', 1000, 0, 1000, 1000, 900, 'Mamah', 1, '2013-08-19 15:24:07'),
(1143, 468, 107, 0, '', 1000, 0, 1000, 1000, 900, 'Mamah', 1, '2013-08-19 15:24:07'),
(1144, 468, 110, 1, '', 5000, 0, 5000, 4700, 4200, 'Mamah', 1, '2013-08-19 15:24:07'),
(1145, 468, 110, 1, '', 5000, 0, 5000, 4700, 4200, 'Mamah', 1, '2013-08-19 15:24:09'),
(1146, 468, 106, 2, '', 2500, 0, 2500, 2300, 2000, 'Mamah', 1, '2013-08-19 15:24:10'),
(1147, 468, 147, 3, '', 3000, 0, 3000, 2800, 2500, 'Mamah', 1, '2013-08-19 15:24:11'),
(1148, 468, 145, 4, '', 1000, 0, 1000, 1000, 900, 'Mamah', 1, '2013-08-19 15:24:12'),
(1149, 469, 109, 0, '', 3500, 0, 3500, 3300, 3000, 'Mamah', 1, '2013-08-19 15:33:21'),
(1150, 469, 109, 0, '', 3500, 0, 3500, 3300, 3000, 'Mamah', 1, '2013-08-19 15:33:21'),
(1151, 470, 107, 0, '', 1000, 0, 1000, 1000, 900, 'Mamah', 1, '2013-08-19 17:11:26'),
(1152, 471, 26, 0, '', 28000, 21, 22000, 13000, 0, '', 1, '2013-08-19 17:48:38'),
(1153, 472, 132, 0, '', 8000, 0, 8000, 7000, 0, '', 1, '2013-08-19 19:24:34'),
(1154, 473, 38, 0, '', 24000, 50, 12000, 10000, 0, '', 1, '2013-08-19 19:31:45'),
(1155, 474, 43, 0, '', 25000, 40, 15000, 12000, 0, '', 1, '2013-08-19 19:36:46'),
(1156, 475, 107, 0, '', 1000, 0, 1000, 1000, 900, 'Mamah', 1, '2013-08-20 16:25:38'),
(1157, 475, 107, 0, '', 1000, 0, 1000, 1000, 900, 'Mamah', 1, '2013-08-20 16:25:41'),
(1158, 475, 107, 0, '', 1000, 0, 1000, 1000, 900, 'Mamah', 1, '2013-08-20 16:25:41'),
(1159, 475, 107, 0, '', 1000, 0, 1000, 1000, 900, 'Mamah', 1, '2013-08-20 16:25:42'),
(1160, 475, 107, 0, '', 1000, 0, 1000, 1000, 900, 'Mamah', 1, '2013-08-20 16:25:42'),
(1161, 475, 107, 0, '', 1000, 0, 1000, 1000, 900, 'Mamah', 1, '2013-08-20 16:25:39'),
(1162, 475, 107, 0, '', 1000, 0, 1000, 1000, 900, 'Mamah', 1, '2013-08-20 16:25:39'),
(1163, 475, 107, 0, '', 1000, 0, 1000, 1000, 900, 'Mamah', 1, '2013-08-20 16:25:39'),
(1164, 475, 145, 1, '', 1000, 0, 1000, 1000, 900, 'Mamah', 1, '2013-08-20 16:25:39'),
(1165, 475, 145, 1, '', 1000, 0, 1000, 1000, 900, 'Mamah', 1, '2013-08-20 16:25:39'),
(1166, 475, 145, 1, '', 1000, 0, 1000, 1000, 900, 'Mamah', 1, '2013-08-20 16:25:39'),
(1167, 475, 145, 1, '', 1000, 0, 1000, 1000, 900, 'Mamah', 1, '2013-08-20 16:25:39'),
(1168, 475, 145, 1, '', 1000, 0, 1000, 1000, 900, 'Mamah', 1, '2013-08-20 16:25:43'),
(1169, 475, 145, 1, '', 1000, 0, 1000, 1000, 900, 'Mamah', 1, '2013-08-20 16:25:40'),
(1170, 475, 109, 2, '', 3500, 0, 3500, 3300, 3000, 'Mamah', 1, '2013-08-20 16:25:44'),
(1171, 475, 147, 3, '', 3000, 0, 3000, 2800, 2500, 'Mamah', 1, '2013-08-20 16:25:28'),
(1172, 475, 142, 4, '', 7000, 0, 7000, 6000, 5000, 'Mamah', 1, '2013-08-20 16:25:28'),
(1173, 476, 103, 0, '', 2500, 0, 2500, 2000, 1500, 'Mamah', 1, '2013-08-20 19:27:58'),
(1174, 477, 107, 0, '', 1000, 0, 1000, 1000, 900, 'Mamah', 1, '2013-08-20 19:27:57'),
(1175, 477, 138, 1, '', 1000, 0, 1000, 1000, 900, 'Mamah', 1, '2013-08-20 19:27:57'),
(1176, 478, 107, 0, '', 1000, 0, 1000, 1000, 900, 'Mamah', 1, '2013-08-20 19:28:09'),
(1177, 478, 107, 0, '', 1000, 0, 1000, 1000, 900, 'Mamah', 1, '2013-08-20 19:28:09'),
(1178, 479, 109, 0, '', 3500, 0, 3500, 3300, 3000, 'Mamah', 1, '2013-08-20 19:41:27'),
(1179, 479, 103, 1, '', 2500, 0, 2500, 2000, 1500, 'Mamah', 1, '2013-08-20 19:41:27'),
(1180, 479, 147, 2, '', 3000, 0, 3000, 2800, 2500, 'Mamah', 1, '2013-08-20 19:41:27'),
(1181, 479, 107, 3, '', 1000, 0, 1000, 1000, 900, 'Mamah', 1, '2013-08-20 19:41:28'),
(1182, 480, 138, 0, '', 1000, 0, 1000, 1000, 900, 'Mamah', 1, '2013-08-20 20:25:46'),
(1183, 481, 107, 0, '', 1000, 0, 1000, 1000, 900, 'Mamah', 1, '2013-08-21 13:33:15'),
(1184, 481, 107, 0, '', 1000, 0, 1000, 1000, 900, 'Mamah', 1, '2013-08-21 17:11:44'),
(1187, 484, 110, 0, '', 5000, 0, 5000, 4700, 4200, 'Mamah', 1, '2013-08-21 14:23:29'),
(1188, 485, 28, 0, '', 30000, 26, 22000, 15000, 0, '', 1, '2013-08-21 14:31:37'),
(1189, 486, 29, 0, '', 30000, 26, 22000, 15000, 0, '', 1, '2013-08-21 17:12:17'),
(1190, 486, 18, 1, '', 21000, 23, 16000, 10000, 0, '', 1, '2013-08-21 17:12:19'),
(1191, 487, 106, 0, '', 2500, 0, 2500, 2300, 2000, 'Mamah', 1, '2013-08-21 17:13:12'),
(1192, 487, 106, 0, '', 2500, 0, 2500, 2300, 2000, 'Mamah', 1, '2013-08-21 17:13:12'),
(1193, 487, 106, 0, '', 2500, 0, 2500, 2300, 2000, 'Mamah', 1, '2013-08-21 17:13:13'),
(1194, 487, 106, 0, '', 2500, 0, 2500, 2300, 2000, 'Mamah', 1, '2013-08-21 17:13:13'),
(1195, 487, 107, 1, '', 1000, 0, 1000, 1000, 900, 'Mamah', 1, '2013-08-21 17:13:14'),
(1196, 487, 107, 1, '', 1000, 0, 1000, 1000, 900, 'Mamah', 1, '2013-08-21 17:13:14'),
(1197, 487, 107, 1, '', 1000, 0, 1000, 1000, 900, 'Mamah', 1, '2013-08-21 17:13:15'),
(1198, 487, 107, 1, '', 1000, 0, 1000, 1000, 900, 'Mamah', 1, '2013-08-21 17:13:16'),
(1199, 487, 107, 1, '', 1000, 0, 1000, 1000, 900, 'Mamah', 1, '2013-08-21 17:13:16'),
(1200, 487, 107, 1, '', 1000, 0, 1000, 1000, 900, 'Mamah', 1, '2013-08-21 17:13:17'),
(1201, 487, 147, 2, '', 3000, 0, 3000, 2800, 2500, 'Mamah', 1, '2013-08-21 17:13:18'),
(1202, 488, 139, 0, '', 4000, 0, 4000, 3800, 3500, 'Mamah', 1, '2013-08-21 17:14:16'),
(1203, 488, 139, 0, '', 4000, 0, 4000, 3800, 3500, 'Mamah', 1, '2013-08-21 17:14:17'),
(1204, 488, 139, 0, '', 4000, 0, 4000, 3800, 3500, 'Mamah', 1, '2013-08-21 17:14:17'),
(1205, 488, 110, 1, '', 5000, 0, 5000, 4700, 4200, 'Mamah', 1, '2013-08-21 17:14:20'),
(1206, 488, 110, 1, '', 5000, 0, 5000, 4700, 4200, 'Mamah', 1, '2013-08-21 17:14:21'),
(1207, 488, 110, 1, '', 5000, 0, 5000, 4700, 4200, 'Mamah', 1, '2013-08-21 17:14:22'),
(1208, 488, 110, 1, '', 5000, 0, 5000, 4700, 4200, 'Mamah', 1, '2013-08-21 17:14:22'),
(1209, 488, 110, 1, '', 5000, 0, 5000, 4700, 4200, 'Mamah', 1, '2013-08-21 17:14:22'),
(1210, 488, 109, 2, '', 3500, 0, 3500, 3300, 3000, 'Mamah', 1, '2013-08-21 17:14:23'),
(1211, 490, 148, 0, '', 4000, 0, 4000, 4000, 4000, 'Mamah', 1, '2013-08-21 17:17:20'),
(1212, 491, 145, 0, '', 1000, 0, 1000, 1000, 900, 'Mamah', 1, '2013-08-21 17:26:07'),
(1213, 491, 145, 0, '', 1000, 0, 1000, 1000, 900, 'Mamah', 1, '2013-08-21 17:26:07'),
(1214, 492, 107, 0, '', 1000, 0, 1000, 1000, 900, 'Mamah', 1, '2013-08-21 17:36:58'),
(1217, 494, 103, 0, '', 2500, 0, 2500, 2000, 1500, 'Mamah', 1, '2013-08-21 17:45:15'),
(1218, 495, 103, 0, '', 2500, 0, 2500, 2000, 1500, 'Mamah', 1, '2013-08-21 18:35:43'),
(1219, 496, 107, 0, '', 1000, 0, 1000, 1000, 900, 'Mamah', 1, '2013-08-21 18:52:57'),
(1220, 496, 145, 1, '', 1000, 0, 1000, 1000, 900, 'Mamah', 1, '2013-08-21 18:52:56'),
(1221, 497, 107, 0, '', 1000, 0, 1000, 1000, 900, 'Mamah', 1, '2013-08-21 19:09:25'),
(1222, 498, 107, 0, '', 1000, 0, 1000, 1000, 900, 'Mamah', 1, '2013-08-21 19:53:58'),
(1223, 498, 107, 0, '', 1000, 0, 1000, 1000, 900, 'Mamah', 1, '2013-08-21 19:53:57'),
(1224, 499, 104, 0, '', 2000, 0, 2000, 1600, 1200, 'Mamah', 1, '2013-08-21 20:33:00'),
(1225, 499, 104, 0, '', 2000, 0, 2000, 1600, 1200, 'Mamah', 1, '2013-08-21 20:33:01'),
(1226, 499, 104, 0, '', 2000, 0, 2000, 1600, 1200, 'Mamah', 1, '2013-08-21 20:33:01'),
(1227, 499, 104, 0, '', 2000, 0, 2000, 1600, 1200, 'Mamah', 1, '2013-08-21 20:33:01'),
(1228, 499, 40, 1, '', 24000, 50, 12000, 8000, 0, '', 1, '2013-08-21 20:33:02'),
(1229, 499, 40, 1, '', 24000, 50, 12000, 8000, 0, '', 1, '2013-08-21 20:33:02'),
(1230, 500, 138, 0, '', 1000, 0, 1000, 1000, 900, 'Mamah', 1, '2013-08-21 20:33:03'),
(1231, 501, 22, 0, '', 0, 0, 0, 12000, 0, '', 1, '2013-08-21 21:08:25'),
(1232, 502, 106, 0, '', 2500, 0, 2500, 2300, 2000, 'Mamah', 1, '2013-08-22 14:42:45'),
(1233, 502, 106, 0, '', 2500, 0, 2500, 2300, 2000, 'Mamah', 1, '2013-08-22 14:42:45'),
(1234, 503, 107, 0, '', 1000, 0, 1000, 1000, 900, 'Mamah', 1, '2013-08-22 15:25:41'),
(1235, 503, 107, 0, '', 1000, 0, 1000, 1000, 900, 'Mamah', 1, '2013-08-22 15:25:43'),
(1236, 503, 107, 0, '', 1000, 0, 1000, 1000, 900, 'Mamah', 1, '2013-08-22 15:25:43'),
(1237, 503, 103, 1, '', 2500, 0, 2500, 2000, 1500, 'Mamah', 1, '2013-08-22 15:25:43'),
(1238, 503, 145, 2, '', 1000, 0, 1000, 1000, 900, 'Mamah', 1, '2013-08-22 15:25:44'),
(1239, 503, 145, 2, '', 1000, 0, 1000, 1000, 900, 'Mamah', 1, '2013-08-22 15:25:45'),
(1240, 503, 138, 3, '', 1000, 0, 1000, 1000, 900, 'Mamah', 1, '2013-08-22 15:25:45'),
(1241, 503, 147, 4, '', 3000, 0, 3000, 2800, 2500, 'Mamah', 1, '2013-08-22 15:25:45'),
(1242, 504, 139, 0, '', 4000, 0, 4000, 3800, 3500, 'Mamah', 1, '2013-08-22 15:05:04'),
(1243, 505, 107, 0, '', 1000, 0, 1000, 1000, 900, 'Mamah', 1, '2013-08-22 18:16:05'),
(1244, 505, 107, 0, '', 1000, 0, 1000, 1000, 900, 'Mamah', 1, '2013-08-22 18:16:06'),
(1245, 505, 145, 1, '', 1000, 0, 1000, 1000, 900, 'Mamah', 1, '2013-08-22 18:16:06'),
(1246, 505, 145, 1, '', 1000, 0, 1000, 1000, 900, 'Mamah', 1, '2013-08-22 18:16:07'),
(1247, 505, 106, 2, '', 2500, 0, 2500, 2300, 2000, 'Mamah', 1, '2013-08-22 18:16:07'),
(1248, 505, 106, 2, '', 2500, 0, 2500, 2300, 2000, 'Mamah', 1, '2013-08-22 18:16:07');

-- --------------------------------------------------------

--
-- Table structure for table `t_order_paket`
--

CREATE TABLE IF NOT EXISTS `t_order_paket` (
  `id_order` int(11) NOT NULL,
  `id_paket` int(11) NOT NULL,
  `keterangan` varchar(64) NOT NULL,
  `discount` int(11) NOT NULL DEFAULT '0',
  `harga` int(11) NOT NULL
) ENGINE=InnoDB DEFAULT CHARSET=latin1;

--
-- Dumping data for table `t_order_paket`
--


-- --------------------------------------------------------

--
-- Table structure for table `t_order_paket_menu`
--

CREATE TABLE IF NOT EXISTS `t_order_paket_menu` (
  `id_order_paket` int(11) NOT NULL,
  `id_menu` int(11) NOT NULL,
  `keterangan` varchar(64) NOT NULL,
  `done` tinyint(1) NOT NULL
) ENGINE=InnoDB DEFAULT CHARSET=latin1;

--
-- Dumping data for table `t_order_paket_menu`
--


-- --------------------------------------------------------

--
-- Table structure for table `t_paket`
--

CREATE TABLE IF NOT EXISTS `t_paket` (
  `id` int(11) NOT NULL AUTO_INCREMENT,
  `nama` varchar(32) NOT NULL,
  `harga` int(11) NOT NULL,
  PRIMARY KEY (`id`)
) ENGINE=InnoDB DEFAULT CHARSET=latin1 AUTO_INCREMENT=1 ;

--
-- Dumping data for table `t_paket`
--


-- --------------------------------------------------------

--
-- Table structure for table `t_paket_menu`
--

CREATE TABLE IF NOT EXISTS `t_paket_menu` (
  `id_paket` int(11) NOT NULL,
  `id_menu` int(11) NOT NULL
) ENGINE=InnoDB DEFAULT CHARSET=latin1;

--
-- Dumping data for table `t_paket_menu`
--


-- --------------------------------------------------------

--
-- Table structure for table `t_user`
--

CREATE TABLE IF NOT EXISTS `t_user` (
  `id` int(11) NOT NULL AUTO_INCREMENT,
  `username` varchar(32) NOT NULL,
  `password` varchar(32) NOT NULL,
  `role` varchar(32) NOT NULL,
  `alamat` varchar(64) NOT NULL,
  `kota` varchar(32) NOT NULL,
  `telepon` varchar(64) NOT NULL,
  `header` varchar(256) NOT NULL,
  `header2` varchar(256) NOT NULL,
  `footer` varchar(256) NOT NULL,
  `footer2` varchar(256) NOT NULL,
  PRIMARY KEY (`id`)
) ENGINE=InnoDB  DEFAULT CHARSET=latin1 AUTO_INCREMENT=8 ;

--
-- Dumping data for table `t_user`
--

INSERT INTO `t_user` (`id`, `username`, `password`, `role`, `alamat`, `kota`, `telepon`, `header`, `header2`, `footer`, `footer2`) VALUES
(1, 'admin', '73421ca5fd5d9ddda15bfa9b569c0eb7', 'admin', '', '', '', '', '', '', ''),
(2, 'cashier1', '136989baac262ea3f560297aab280c8d', 'kasir', 'Jl. Jendral Sudirman 503', 'Bandung', '', '', '', 'Terima Kasih Atas Kunjungan Anda! Mampir Lagi Ya :D', 'FB : facebook.com/CoffeeBlackJack<br/>twitter : @CoffeeBlackJack'),
(3, 'laporan', 'cf6cac79fd281b10550238b1e859f906', 'laporan', '', '', '', '', '', '', ''),
(4, 'cashier2', '0060e5ef773960fd63b2a7d9a35bd8eb', 'kasir', 'Jl. Jendral Sudirman 503', 'Bandung', '', '', '', 'Terima Kasih Atas Kunjungan Anda! Mampir Lagi Ya :D', 'FB : facebook.com/CoffeeBlackJack<br/>twitter : @CoffeeBlackJack'),
(5, 'cashier3', '1745a935d92d1639eca8a0a0d795f35a', 'kasir', 'Jl. Jendral Sudirman 503', 'Bandung', '', '', '', 'Terima Kasih Atas Kunjungan Anda! Mampir Lagi Ya :D', 'FB : facebook.com/CoffeeBlackJack<br/>twitter : @CoffeeBlackJack'),
(6, 'cashier4', '1c69dededd08426a801c3a35dc7673bf', 'kasir', 'Jl. Jendral Sudirman 503', 'Bandung', '', '', '', 'Terima Kasih Atas Kunjungan Anda! Mampir Lagi Ya :D', 'FB : facebook.com/CoffeeBlackJack<br/>twitter : @CoffeeBlackJack'),
(7, 'cashier5', 'a8537f18a7f045d3981914147fc08a43', 'kasir', 'Jl. Jendral Sudirman 503', 'Bandung', '', '', '', 'Terima Kasih Atas Kunjungan Anda! Mampir Lagi Ya :D', 'FB : facebook.com/CoffeeBlackJack<br/>twitter : @CoffeeBlackJack');

-- --------------------------------------------------------

--
-- Table structure for table `variabel`
--

CREATE TABLE IF NOT EXISTS `variabel` (
  `jumlah_pembeli` int(11) NOT NULL,
  `id_order_last_session` int(11) NOT NULL,
  `session_no` int(11) NOT NULL,
  `no_pembeli_multiplier` int(11) NOT NULL DEFAULT '1'
) ENGINE=InnoDB DEFAULT CHARSET=latin1;

--
-- Dumping data for table `variabel`
--

INSERT INTO `variabel` (`jumlah_pembeli`, `id_order_last_session`, `session_no`, `no_pembeli_multiplier`) VALUES
(5, 0, 36, 1);
